date,time,humidity,temperature
2024-12-22,12:26:00.253983,53.6,20.7
2024-12-22,12:28:00.253698,53.3,20.8
2024-12-22,12:30:00.253585,53.3,20.9
2024-12-22,12:32:00.253670,54.5,20.9
2024-12-22,12:34:00.253688,53.2,20.9
2024-12-22,12:36:00.254296,51.8,21.0
2024-12-22,12:38:00.253757,50.8,20.9
2024-12-22,12:40:00.253569,51.1,20.9
2024-12-22,12:42:00.253069,51.9,20.8
2024-12-22,12:44:00.253555,52.6,20.8
2024-12-22,12:46:00.252970,52.7,20.8
2024-12-22,12:48:00.253584,52.7,20.7
2024-12-22,12:50:00.253559,52.5,20.7
2024-12-22,12:52:00.253553,52.1,20.7
2024-12-22,12:54:00.253153,51.6,20.7
2024-12-22,12:56:00.253651,51.1,20.7
2024-12-22,12:58:00.253581,50.5,20.7
2024-12-22,13:00:00.253569,49.9,20.7
2024-12-22,13:02:00.253576,49.7,20.6
2024-12-22,13:04:00.253650,49.8,20.6
2024-12-22,13:06:00.253605,51.0,20.6
2024-12-22,13:08:00.253569,50.7,20.7
2024-12-22,13:10:00.530350,50.1,20.7
2024-12-22,13:12:00.253515,49.5,20.7
2024-12-22,13:14:00.253568,49.0,20.6
2024-12-22,13:16:00.253546,48.7,20.6
2024-12-22,13:18:00.253555,49.0,20.5
2024-12-22,13:20:14.755383,51.1,20.4
2024-12-22,13:22:05.010687,51.4,20.4
2024-12-22,13:24:00.253670,52.5,20.5
2024-12-22,13:26:00.253731,53.8,20.5
2024-12-23,13:56:52.134223,75.6,16.4
2024-12-23,13:58:42.389280,73.7,16.6
2024-12-23,14:00:32.643905,72.9,17.0
2024-12-23,14:02:47.168009,71.7,17.2
2024-12-23,14:04:37.423501,70.1,17.4
2024-12-23,14:06:27.677641,67.9,17.5
2024-12-23,14:08:17.931869,68.1,17.6
2024-12-23,14:10:08.186189,68.6,17.7
2024-12-23,14:12:00.253874,66.9,17.8
2024-12-23,16:42:08.149301,66.4,17.8
2024-12-23,16:44:13.685482,66.4,17.8
2024-12-23,16:46:18.458460,65.5,18.1
2024-12-23,16:48:08.713735,63.6,18.1
2024-12-23,16:50:00.253991,65.6,18.1
2024-12-23,16:54:30.883014,65.2,18.2
2024-12-23,16:56:21.137159,65.4,18.2
2024-12-23,16:58:11.391414,65.2,18.2
2024-12-23,17:14:00.253833,55.7,20.5
2024-12-23,17:16:00.253651,59.6,20.7
2024-12-23,17:18:00.253719,58.9,20.7
2024-12-23,17:20:00.253679,58.4,20.6
2024-12-23,17:22:02.759464,54.0,20.4
2024-12-23,17:24:00.253708,53.7,20.4
2024-12-23,17:26:00.253706,53.2,20.4
2024-12-23,17:28:00.253681,54.6,20.8
2024-12-23,17:30:00.253676,52.3,21.3
2024-12-23,19:12:00.253825,41.4,18.6
2024-12-23,19:14:00.530581,40.6,17.4
2024-12-23,19:16:00.362516,44.3,13.6
2024-12-23,19:18:00.253674,50.5,11.4
2024-12-23,19:20:00.253706,54.4,9.9
2024-12-23,19:22:00.335117,57.5,8.7
2024-12-23,19:24:00.335134,61.0,7.7
2024-12-23,19:26:00.335039,63.6,7.0
2024-12-23,19:28:00.335016,65.4,6.6
2024-12-23,19:30:00.335035,66.8,6.3
2024-12-23,19:32:00.335217,67.5,6.1
2024-12-23,19:34:00.335020,68.5,5.9
2024-12-23,19:36:00.335022,68.8,5.7
2024-12-23,19:38:00.253608,69.5,5.6
2024-12-23,19:40:00.253624,70.2,5.4
2024-12-23,19:42:00.253571,71.0,5.3
2024-12-23,19:44:00.253619,71.6,5.3
2024-12-23,19:46:00.253630,71.5,5.3
2024-12-23,19:48:00.253552,71.8,5.3
2024-12-23,19:50:00.253579,71.6,5.4
2024-12-23,19:52:00.253511,71.7,5.5
2024-12-23,19:54:00.253603,72.0,5.5
2024-12-23,19:56:00.253601,72.0,5.5
2024-12-23,19:58:00.253591,72.0,5.5
2024-12-23,20:00:00.253621,72.1,5.5
2024-12-23,20:02:00.253606,72.6,5.4
2024-12-23,20:04:00.253612,73.0,5.4
2024-12-23,20:06:00.253637,73.0,5.3
2024-12-23,20:08:00.253571,73.6,5.3
2024-12-23,20:10:00.253609,74.1,5.3
2024-12-23,20:12:00.253585,74.6,5.4
2024-12-23,20:14:00.294437,74.6,5.4
2024-12-23,20:16:00.253528,74.6,5.3
2024-12-23,20:18:00.253626,75.1,5.1
2024-12-23,20:20:00.253571,75.9,5.0
2024-12-23,20:22:00.253509,76.0,5.0
2024-12-23,20:24:00.253537,76.2,5.0
2024-12-23,20:26:00.253601,76.4,5.0
2024-12-23,20:28:00.253581,76.3,5.0
2024-12-23,20:30:00.253628,76.3,5.0
2024-12-23,20:32:00.253589,75.8,5.0
2024-12-23,20:34:00.253562,76.1,5.0
2024-12-23,20:36:00.253583,76.0,4.9
2024-12-23,20:38:00.253607,76.2,4.9
2024-12-23,20:40:00.253553,76.4,4.9
2024-12-23,20:42:00.253638,76.5,5.0
2024-12-23,20:44:00.253561,76.2,5.1
2024-12-23,20:46:00.253591,75.8,5.1
2024-12-23,20:48:00.253567,75.7,5.1
2024-12-23,20:50:00.253605,75.7,5.2
2024-12-23,20:52:00.253519,75.7,5.1
2024-12-23,20:54:00.253633,75.9,5.0
2024-12-23,20:56:00.253510,76.3,4.9
2024-12-23,20:58:00.253571,76.6,4.9
2024-12-23,21:00:00.253525,76.9,4.9
2024-12-23,21:02:00.253611,77.1,5.0
2024-12-23,21:04:00.253600,77.3,5.1
2024-12-23,21:06:00.253636,77.4,5.2
2024-12-23,21:08:00.253615,77.3,5.4
2024-12-23,21:10:00.253471,77.1,5.4
2024-12-23,21:12:00.253604,77.2,5.5
2024-12-23,21:14:00.253610,77.2,5.5
2024-12-23,21:16:00.253568,77.1,5.6
2024-12-23,21:18:00.253599,76.7,5.5
2024-12-23,21:20:00.253622,77.0,5.5
2024-12-23,21:22:00.253642,76.9,5.4
2024-12-23,21:24:00.253597,77.2,5.3
2024-12-23,21:26:00.253626,77.4,5.2
2024-12-23,21:28:00.253589,77.9,5.1
2024-12-23,21:30:00.253622,78.3,5.2
2024-12-23,21:32:00.253643,77.9,5.3
2024-12-23,21:34:00.253645,77.8,5.4
2024-12-23,21:36:00.253582,77.7,5.5
2024-12-23,21:38:00.253504,77.4,5.5
2024-12-23,21:40:00.253598,78.1,5.3
2024-12-23,21:42:00.253585,78.6,5.3
2024-12-23,21:44:00.253662,79.1,5.3
2024-12-23,21:46:00.253052,79.4,5.2
2024-12-23,21:48:00.253596,79.9,5.2
2024-12-23,21:50:00.253580,79.4,5.1
2024-12-23,21:52:00.253533,79.6,5.1
2024-12-23,21:54:00.253505,80.2,5.0
2024-12-23,21:56:00.253660,80.3,5.1
2024-12-23,21:58:00.253657,80.1,5.1
2024-12-23,22:00:00.253594,80.1,5.0
2024-12-23,22:02:00.253579,80.6,5.0
2024-12-23,22:04:00.253590,80.8,4.9
2024-12-23,22:06:00.253606,80.6,4.8
2024-12-23,22:08:00.253603,81.5,4.8
2024-12-23,22:10:00.253175,81.2,4.7
2024-12-23,22:12:00.253603,81.6,4.7
2024-12-23,22:14:00.253588,81.7,4.7
2024-12-23,22:16:00.253614,81.8,4.7
2024-12-23,22:18:00.253592,82.2,4.6
2024-12-23,22:20:00.253604,82.4,4.6
2024-12-23,22:22:00.253652,82.7,4.6
2024-12-23,22:24:00.253595,83.1,4.5
2024-12-23,22:26:00.253577,83.4,4.5
2024-12-23,22:28:00.253590,83.3,4.5
2024-12-23,22:30:00.253611,83.6,4.4
2024-12-23,22:32:00.253614,83.9,4.3
2024-12-23,22:34:00.253574,83.9,4.3
2024-12-23,22:36:00.253583,83.9,4.4
2024-12-23,22:38:00.253613,83.8,4.5
2024-12-23,22:40:00.253580,83.0,4.6
2024-12-23,22:42:00.253645,82.6,4.7
2024-12-23,22:44:00.253651,82.1,4.7
2024-12-23,22:46:00.253661,81.6,4.8
2024-12-23,22:48:00.253570,81.8,4.6
2024-12-23,22:50:00.253595,82.5,4.5
2024-12-23,22:52:00.253556,82.9,4.4
2024-12-23,22:54:00.253637,83.1,4.4
2024-12-23,22:56:00.253159,83.0,4.5
2024-12-23,22:58:00.253583,82.6,4.7
2024-12-23,23:00:00.253561,82.5,4.7
2024-12-23,23:02:00.253591,82.6,4.8
2024-12-23,23:04:00.253484,82.6,4.9
2024-12-23,23:06:00.253621,82.0,5.0
2024-12-23,23:08:00.253626,81.4,4.9
2024-12-23,23:10:00.253573,81.8,4.8
2024-12-23,23:12:00.253604,82.6,4.7
2024-12-23,23:14:00.253620,82.8,4.6
2024-12-23,23:16:00.253512,82.9,4.6
2024-12-23,23:18:00.253617,82.3,4.7
2024-12-23,23:20:00.253128,82.1,4.7
2024-12-23,23:22:00.253614,81.7,4.7
2024-12-23,23:24:00.253580,81.7,4.7
2024-12-23,23:26:00.253592,81.7,4.6
2024-12-23,23:28:00.253593,81.7,4.5
2024-12-23,23:30:00.253629,82.2,4.4
2024-12-23,23:32:00.253583,82.4,4.3
2024-12-23,23:34:00.253575,82.5,4.3
2024-12-23,23:36:00.253514,82.7,4.3
2024-12-23,23:38:00.253529,82.4,4.2
2024-12-23,23:40:00.253593,82.4,4.3
2024-12-23,23:42:00.253514,82.6,4.3
2024-12-23,23:44:00.253583,82.3,4.3
2024-12-23,23:46:00.253574,82.3,4.2
2024-12-23,23:48:00.253585,82.6,4.1
2024-12-23,23:50:00.253614,82.9,4.1
2024-12-23,23:52:00.253580,82.9,4.1
2024-12-23,23:54:00.253613,83.0,4.1
2024-12-23,23:56:00.253627,82.7,4.1
2024-12-23,23:58:00.253589,82.8,4.0
2024-12-24,00:00:00.253541,83.4,4.0
2024-12-24,00:02:00.253554,83.5,4.0
2024-12-24,00:04:00.253610,83.3,4.1
2024-12-24,00:06:00.253590,83.6,4.1
2024-12-24,00:08:00.253604,83.7,4.2
2024-12-24,00:10:00.253561,83.8,4.3
2024-12-24,00:12:00.253590,83.8,4.4
2024-12-24,00:14:00.253598,83.7,4.4
2024-12-24,00:16:00.253586,83.3,4.5
2024-12-24,00:18:00.253606,82.3,4.7
2024-12-24,00:20:00.253576,81.5,4.7
2024-12-24,00:22:00.253587,81.1,4.6
2024-12-24,00:24:00.253581,81.4,4.5
2024-12-24,00:26:00.253589,81.7,4.3
2024-12-24,00:28:00.253599,82.1,4.2
2024-12-24,00:30:00.253616,82.5,4.1
2024-12-24,00:32:00.253864,82.6,4.0
2024-12-24,00:34:00.335032,83.1,3.9
2024-12-24,00:36:00.335018,83.3,3.8
2024-12-24,00:38:00.335025,83.7,3.7
2024-12-24,00:40:00.335001,84.0,3.6
2024-12-24,00:42:00.335029,84.4,3.6
2024-12-24,00:44:00.335010,84.7,3.6
2024-12-24,00:46:00.335002,84.8,3.6
2024-12-24,00:48:00.335022,84.8,3.5
2024-12-24,00:50:00.335004,84.8,3.5
2024-12-24,00:52:00.335011,84.6,3.6
2024-12-24,00:54:00.335016,84.7,3.6
2024-12-24,00:56:00.335013,84.8,3.5
2024-12-24,00:58:00.335021,85.0,3.5
2024-12-24,01:00:00.335005,85.1,3.5
2024-12-24,01:02:00.335022,84.9,3.6
2024-12-24,01:04:00.258420,84.9,3.5
2024-12-24,01:06:00.253607,85.0,3.5
2024-12-24,01:08:00.253615,85.1,3.5
2024-12-24,01:10:00.335239,85.0,3.5
2024-12-24,01:12:00.335015,84.9,3.5
2024-12-24,01:14:00.335017,84.9,3.6
2024-12-24,01:16:00.258426,85.2,3.5
2024-12-24,01:18:00.253583,85.2,3.5
2024-12-24,01:20:00.253581,85.1,3.6
2024-12-24,01:22:00.253583,85.1,3.6
2024-12-24,01:24:00.253588,85.0,3.6
2024-12-24,01:26:00.253505,85.1,3.6
2024-12-24,01:28:00.253575,85.4,3.6
2024-12-24,01:30:00.253582,85.5,3.6
2024-12-24,01:32:00.253590,85.7,3.5
2024-12-24,01:34:00.253579,85.8,3.6
2024-12-24,01:36:00.253589,85.9,3.6
2024-12-24,01:38:00.253600,86.0,3.7
2024-12-24,01:40:00.253505,85.6,3.7
2024-12-24,01:42:00.253588,85.5,3.7
2024-12-24,01:44:00.253590,85.7,3.6
2024-12-24,01:46:00.253519,85.8,3.7
2024-12-24,01:48:00.253594,85.8,3.7
2024-12-24,01:50:00.253587,86.1,3.7
2024-12-24,01:52:00.253595,86.1,3.7
2024-12-24,01:54:00.253596,86.3,3.7
2024-12-24,01:56:00.253622,86.2,3.7
2024-12-24,01:58:00.253556,86.4,3.7
2024-12-24,02:00:00.253584,86.4,3.7
2024-12-24,02:02:00.253584,86.3,3.7
2024-12-24,02:04:00.253585,86.3,3.7
2024-12-24,02:06:00.253586,86.3,3.7
2024-12-24,02:08:00.253599,86.2,3.7
2024-12-24,02:10:00.253616,86.2,3.7
2024-12-24,02:12:00.253619,86.1,3.7
2024-12-24,02:14:00.253595,85.9,3.8
2024-12-24,02:16:00.253600,85.8,3.8
2024-12-24,02:18:00.253579,85.7,3.7
2024-12-24,02:20:00.253514,85.9,3.7
2024-12-24,02:22:00.253533,85.9,3.7
2024-12-24,02:24:00.253617,85.7,3.7
2024-12-24,02:26:00.253591,85.8,3.7
2024-12-24,02:28:00.253623,85.6,3.7
2024-12-24,02:30:00.253500,85.6,3.7
2024-12-24,02:32:00.253593,85.4,3.8
2024-12-24,02:34:00.253501,85.4,3.8
2024-12-24,02:36:00.253497,85.3,3.8
2024-12-24,02:38:00.253576,85.4,3.8
2024-12-24,02:40:00.253574,85.7,3.7
2024-12-24,02:42:00.253505,86.1,3.7
2024-12-24,02:44:00.253607,86.4,3.7
2024-12-24,02:46:00.253562,86.5,3.8
2024-12-24,02:48:00.253513,86.6,3.8
2024-12-24,02:50:00.253518,86.8,3.8
2024-12-24,02:52:00.253564,86.9,3.8
2024-12-24,02:54:00.253574,87.0,3.7
2024-12-24,02:56:00.253568,87.1,3.7
2024-12-24,02:58:00.253592,87.0,3.7
2024-12-24,03:00:00.253560,87.0,3.7
2024-12-24,03:02:00.253582,86.7,3.7
2024-12-24,03:04:00.253571,86.2,3.6
2024-12-24,03:06:00.253597,86.4,3.6
2024-12-24,03:08:00.253575,86.4,3.6
2024-12-24,03:10:00.253573,86.4,3.5
2024-12-24,03:12:00.253595,86.5,3.4
2024-12-24,03:14:00.253573,86.5,3.5
2024-12-24,03:16:00.253561,86.1,3.5
2024-12-24,03:18:00.253510,86.1,3.4
2024-12-24,03:20:00.253571,86.4,3.4
2024-12-24,03:22:00.253577,86.3,3.3
2024-12-24,03:24:00.253500,86.5,3.3
2024-12-24,03:26:00.253585,86.4,3.3
2024-12-24,03:28:00.253614,86.3,3.3
2024-12-24,03:30:00.253585,86.5,3.2
2024-12-24,03:32:00.253577,86.6,3.2
2024-12-24,03:34:00.253566,86.6,3.2
2024-12-24,03:36:00.253588,86.8,3.1
2024-12-24,03:38:00.253868,87.2,3.0
2024-12-24,03:40:00.335013,87.4,3.0
2024-12-24,03:42:00.335049,87.3,3.0
2024-12-24,03:44:00.335014,87.3,3.0
2024-12-24,03:46:00.335026,87.4,3.0
2024-12-24,03:48:00.335027,87.4,3.0
2024-12-24,03:50:00.335022,87.4,3.0
2024-12-24,03:52:00.335036,87.3,3.0
2024-12-24,03:54:00.262406,87.1,3.0
2024-12-24,03:56:00.262390,87.1,3.0
2024-12-24,03:58:00.253569,87.1,2.9
2024-12-24,04:00:00.253612,87.3,2.9
2024-12-24,04:02:00.253616,87.2,2.9
2024-12-24,04:04:00.253577,87.6,2.8
2024-12-24,04:06:00.253517,87.8,2.8
2024-12-24,04:08:00.253572,87.5,2.8
2024-12-24,04:10:00.253767,87.6,2.7
2024-12-24,04:12:00.335004,88.0,2.7
2024-12-24,04:14:00.335004,88.2,2.7
2024-12-24,04:16:00.335008,88.2,2.8
2024-12-24,04:18:00.335015,87.5,2.8
2024-12-24,04:20:00.253628,87.4,2.9
2024-12-24,04:22:00.253532,87.4,2.8
2024-12-24,04:24:00.253515,87.2,2.9
2024-12-24,04:26:00.253580,87.1,2.8
2024-12-24,04:28:00.253493,87.1,2.9
2024-12-24,04:30:00.253591,86.9,2.9
2024-12-24,04:32:00.253587,87.0,2.9
2024-12-24,04:34:00.253600,86.8,2.9
2024-12-24,04:36:00.253569,86.7,2.9
2024-12-24,04:38:00.253583,86.7,2.9
2024-12-24,04:40:00.253577,86.7,2.9
2024-12-24,04:42:00.253555,86.9,2.8
2024-12-24,04:44:00.253616,87.2,2.8
2024-12-24,04:46:00.253601,87.3,2.7
2024-12-24,04:48:00.253589,87.8,2.6
2024-12-24,04:50:00.253605,88.0,2.6
2024-12-24,04:52:00.253590,88.1,2.7
2024-12-24,04:54:00.253618,87.9,2.7
2024-12-24,04:56:00.253615,87.7,2.7
2024-12-24,04:58:00.253609,87.9,2.7
2024-12-24,05:00:00.253583,87.8,2.7
2024-12-24,05:02:00.253576,87.6,2.8
2024-12-24,05:04:00.253594,87.4,2.8
2024-12-24,05:06:00.253592,87.6,2.8
2024-12-24,05:08:00.253556,87.5,2.8
2024-12-24,05:10:00.253543,87.3,2.8
2024-12-24,05:12:00.253559,87.4,2.8
2024-12-24,05:14:00.253551,87.7,2.7
2024-12-24,05:16:00.253573,87.9,2.8
2024-12-24,05:18:00.253558,87.9,2.8
2024-12-24,05:20:00.253580,87.8,2.8
2024-12-24,05:22:00.253502,87.8,2.8
2024-12-24,05:24:00.253602,87.9,2.8
2024-12-24,05:26:00.253585,88.0,2.8
2024-12-24,05:28:00.253631,88.1,2.8
2024-12-24,05:30:00.253579,88.3,2.8
2024-12-24,05:32:00.253596,88.2,2.8
2024-12-24,05:34:00.253639,88.2,2.9
2024-12-24,05:36:00.253562,88.2,2.9
2024-12-24,05:38:00.253578,88.2,2.9
2024-12-24,05:40:00.253517,88.2,3.0
2024-12-24,05:42:00.253587,87.9,3.0
2024-12-24,05:44:00.253597,87.9,3.0
2024-12-24,05:46:00.253512,87.9,3.0
2024-12-24,05:48:00.253595,87.9,3.0
2024-12-24,05:50:00.253577,88.1,3.0
2024-12-24,05:52:00.253507,88.1,3.0
2024-12-24,05:54:00.253574,88.2,3.0
2024-12-24,05:56:00.253598,88.0,3.0
2024-12-24,05:58:00.253581,88.0,3.0
2024-12-24,06:00:00.253513,87.9,3.0
2024-12-24,06:02:00.253584,88.0,3.0
2024-12-24,06:04:00.253590,88.1,3.0
2024-12-24,06:06:00.253591,88.0,3.0
2024-12-24,06:08:00.253528,88.1,3.0
2024-12-24,06:10:00.253577,88.1,3.0
2024-12-24,06:12:00.253585,88.0,3.1
2024-12-24,06:14:00.253572,87.7,3.1
2024-12-24,06:16:00.253511,87.7,3.1
2024-12-24,06:18:00.253579,87.4,3.2
2024-12-24,06:20:00.253590,87.3,3.2
2024-12-24,06:22:00.253630,87.2,3.3
2024-12-24,06:24:00.253566,86.7,3.4
2024-12-24,06:26:00.253591,86.4,3.4
2024-12-24,06:28:00.253586,86.3,3.4
2024-12-24,06:30:00.253586,86.3,3.4
2024-12-24,06:32:00.253582,86.3,3.4
2024-12-24,06:34:00.253614,85.9,3.4
2024-12-24,06:36:00.253512,86.0,3.3
2024-12-24,06:38:00.253541,86.3,3.3
2024-12-24,06:40:00.253610,86.1,3.3
2024-12-24,06:42:00.253612,86.3,3.3
2024-12-24,06:44:00.253532,86.3,3.3
2024-12-24,06:46:00.253582,86.3,3.2
2024-12-24,06:48:00.253575,86.5,3.2
2024-12-24,06:50:00.253562,86.8,3.1
2024-12-24,06:52:00.253515,87.1,3.2
2024-12-24,06:54:00.253568,87.0,3.2
2024-12-24,06:56:00.253596,86.7,3.2
2024-12-24,06:58:00.253571,86.5,3.3
2024-12-24,07:00:00.253595,86.3,3.2
2024-12-24,07:02:00.253584,86.7,3.2
2024-12-24,07:04:00.253579,86.5,3.3
2024-12-24,07:06:00.253592,86.3,3.2
2024-12-24,07:08:00.253506,86.5,3.3
2024-12-24,07:10:00.253590,86.4,3.4
2024-12-24,07:12:00.253615,85.9,3.5
2024-12-24,07:14:00.253870,85.4,3.6
2024-12-24,07:16:00.335022,85.0,3.6
2024-12-24,07:18:00.335008,84.8,3.6
2024-12-24,07:20:00.335003,84.7,3.7
2024-12-24,07:22:00.335029,84.4,3.8
2024-12-24,07:24:00.335036,83.8,3.8
2024-12-24,07:26:00.335025,83.6,3.8
2024-12-24,07:28:00.335027,83.5,3.7
2024-12-24,07:30:00.335014,83.8,3.6
2024-12-24,07:32:00.335029,84.3,3.5
2024-12-24,07:34:00.335226,84.6,3.4
2024-12-24,07:36:00.335020,84.9,3.4
2024-12-24,07:38:00.335019,85.3,3.3
2024-12-24,07:40:00.335031,85.4,3.3
2024-12-24,07:42:00.335012,85.3,3.3
2024-12-24,07:44:00.335022,85.1,3.3
2024-12-24,07:46:00.335032,85.2,3.4
2024-12-24,07:48:00.335005,84.9,3.4
2024-12-24,07:50:00.335012,85.0,3.3
2024-12-24,07:52:00.335016,85.2,3.3
2024-12-24,07:54:00.335009,85.4,3.4
2024-12-24,07:56:00.335008,85.4,3.5
2024-12-24,07:58:00.335016,84.8,3.6
2024-12-24,08:00:00.335016,84.6,3.6
2024-12-24,08:02:00.335021,84.4,3.7
2024-12-24,08:04:00.335209,84.0,3.7
2024-12-24,08:06:00.335025,83.6,3.8
2024-12-24,08:08:00.335028,83.5,3.7
2024-12-24,08:10:00.335009,83.4,3.8
2024-12-24,08:12:00.335233,83.3,3.9
2024-12-24,08:14:00.335012,83.3,3.9
2024-12-24,08:16:00.335023,83.0,3.9
2024-12-24,08:18:00.335005,83.0,3.9
2024-12-24,08:20:00.335016,82.8,4.0
2024-12-24,08:22:00.335022,82.4,4.0
2024-12-24,08:24:00.335010,82.3,4.0
2024-12-24,08:26:00.335025,82.3,4.0
2024-12-24,08:28:00.335030,82.7,4.0
2024-12-24,08:30:00.335018,82.8,4.0
2024-12-24,08:32:00.335022,82.6,4.1
2024-12-24,08:34:00.334996,82.3,4.1
2024-12-24,08:36:00.335007,82.1,4.2
2024-12-24,08:38:00.335032,82.0,4.2
2024-12-24,08:40:00.335029,82.0,4.2
2024-12-24,08:42:00.253567,81.9,4.3
2024-12-24,08:44:00.253589,81.3,4.3
2024-12-24,08:46:00.253568,81.1,4.4
2024-12-24,08:48:00.253590,80.9,4.4
2024-12-24,08:50:00.253600,80.6,4.5
2024-12-24,08:52:00.253599,80.4,4.5
2024-12-24,08:54:00.253535,80.4,4.4
2024-12-24,08:56:00.253599,80.3,4.5
2024-12-24,08:58:00.253595,80.4,4.5
2024-12-24,09:00:00.253600,80.5,4.5
2024-12-24,09:02:00.253623,80.4,4.5
2024-12-24,09:04:00.253582,80.3,4.5
2024-12-24,09:06:00.253628,80.2,4.4
2024-12-24,09:08:00.253505,80.4,4.4
2024-12-24,09:10:00.253604,80.7,4.4
2024-12-24,09:12:00.253601,80.8,4.4
2024-12-24,09:14:00.253549,81.0,4.4
2024-12-24,09:16:00.253592,81.0,4.5
2024-12-24,09:18:00.253612,80.8,4.5
2024-12-24,09:20:00.253623,80.6,4.6
2024-12-24,09:22:00.253583,80.4,4.6
2024-12-24,09:24:00.253599,80.5,4.6
2024-12-24,09:26:00.253622,80.5,4.6
2024-12-24,09:28:00.253590,80.5,4.6
2024-12-24,09:30:00.253560,80.4,4.6
2024-12-24,09:32:00.253587,80.4,4.6
2024-12-24,09:34:00.253580,80.6,4.6
2024-12-24,09:36:00.335239,80.4,4.7
2024-12-24,09:38:00.335017,80.3,4.8
2024-12-24,09:40:00.335011,80.3,4.8
2024-12-24,09:42:00.335012,80.2,4.8
2024-12-24,09:44:00.334998,79.9,4.8
2024-12-24,09:46:00.335006,79.8,4.8
2024-12-24,09:48:00.258422,80.0,4.9
2024-12-24,09:50:00.253585,79.8,4.9
2024-12-24,09:52:00.253596,79.7,4.9
2024-12-24,09:54:00.253589,79.6,4.9
2024-12-24,09:56:00.253604,79.5,5.0
2024-12-24,09:58:00.253468,79.5,4.9
2024-12-24,10:00:00.253599,79.5,5.0
2024-12-24,10:02:00.338441,79.4,5.0
2024-12-24,10:04:00.335253,79.3,4.9
2024-12-24,10:06:00.334995,79.8,4.9
2024-12-24,10:08:00.335029,79.7,4.9
2024-12-24,10:10:00.258440,79.6,4.9
2024-12-24,10:12:00.335234,80.1,4.7
2024-12-24,10:14:00.335038,80.7,4.6
2024-12-24,10:16:00.335038,81.0,4.6
2024-12-24,10:18:00.335012,81.2,4.6
2024-12-24,10:20:00.335005,81.2,4.7
2024-12-24,10:22:00.335019,80.9,4.8
2024-12-24,10:24:00.335010,80.9,4.8
2024-12-24,10:26:00.335207,80.6,4.9
2024-12-24,10:28:00.335235,80.0,4.9
2024-12-24,10:30:00.335010,80.0,5.0
2024-12-24,10:32:00.335044,79.9,5.0
2024-12-24,10:34:00.335021,80.0,5.0
2024-12-24,10:36:00.335020,80.0,5.0
2024-12-24,10:38:00.335037,80.3,4.9
2024-12-24,10:40:00.335018,81.0,4.8
2024-12-24,10:42:00.335019,81.3,4.8
2024-12-24,10:44:00.335028,81.6,4.8
2024-12-24,10:46:00.335224,81.5,4.9
2024-12-24,10:48:00.335007,81.7,4.9
2024-12-24,10:50:00.335015,81.4,4.9
2024-12-24,17:14:00.335283,80.1,5.6
2024-12-24,17:16:00.335124,80.1,5.6
2024-12-24,17:18:00.334797,80.3,5.6
2024-12-24,17:20:00.253756,80.5,5.6
2024-12-24,17:22:00.253642,80.8,5.6
2024-12-24,17:24:00.253630,80.8,5.6
2024-12-24,17:26:00.253659,80.9,5.6
2024-12-24,17:28:00.253574,80.9,5.6
2024-12-24,17:30:00.253522,81.0,5.6
2024-12-24,17:32:00.253542,81.3,5.6
2024-12-24,17:34:00.253602,81.4,5.6
2024-12-24,17:36:00.253516,81.3,5.7
2024-12-24,17:38:00.335030,81.3,5.7
2024-12-24,17:40:00.335036,81.0,5.7
2024-12-24,17:42:00.335034,81.2,5.7
2024-12-24,17:44:00.335029,81.1,5.8
2024-12-24,17:46:00.335028,81.1,5.8
2024-12-24,17:48:00.335019,80.9,5.9
2024-12-24,17:50:00.335045,80.6,6.0
2024-12-24,17:52:00.335038,80.4,6.0
2024-12-24,17:54:00.335025,80.4,6.0
2024-12-24,17:56:00.335041,80.5,6.0
2024-12-24,17:58:00.335035,80.5,6.1
2024-12-24,18:00:00.335231,80.3,6.1
2024-12-24,18:02:00.335156,80.1,6.2
2024-12-24,18:04:00.335025,79.9,6.2
2024-12-24,18:06:00.253518,79.7,6.3
2024-12-24,18:08:00.253545,79.3,6.3
2024-12-24,18:10:00.253527,78.9,6.3
2024-12-24,18:12:00.253570,79.0,6.3
2024-12-24,18:14:00.253564,79.0,6.3
2024-12-24,18:16:00.253556,78.9,6.4
2024-12-24,18:18:00.253136,78.8,6.4
2024-12-24,18:20:00.253578,78.7,6.4
2024-12-24,18:22:00.253524,78.8,6.4
2024-12-24,18:24:00.253540,78.7,6.5
2024-12-24,18:26:00.253531,78.6,6.5
2024-12-24,18:28:00.253576,78.4,6.5
2024-12-24,18:30:00.253540,78.4,6.5
2024-12-24,18:32:00.253510,78.6,6.4
2024-12-24,18:34:00.253632,78.7,6.4
2024-12-24,18:36:00.253563,78.6,6.5
2024-12-24,18:38:00.253548,78.6,6.5
2024-12-24,18:40:00.261225,78.8,6.5
2024-12-24,18:42:00.253549,78.6,6.5
2024-12-24,18:44:00.253591,78.9,6.4
2024-12-24,18:46:00.253502,79.0,6.4
2024-12-24,18:48:00.253529,78.9,6.5
2024-12-24,18:50:00.253527,78.9,6.5
2024-12-24,18:52:00.253548,78.7,6.5
2024-12-24,18:54:00.253536,78.9,6.5
2024-12-24,18:56:00.253526,79.0,6.5
2024-12-24,18:58:00.253495,78.8,6.5
2024-12-24,19:00:00.253823,79.0,6.5
2024-12-24,19:02:00.335061,79.1,6.6
2024-12-24,19:04:00.335229,78.9,6.6
2024-12-24,19:06:00.335027,79.0,6.6
2024-12-24,19:08:00.335036,78.9,6.5
2024-12-24,19:10:00.335037,79.2,6.5
2024-12-24,19:12:00.335028,79.4,6.5
2024-12-24,19:14:00.335040,79.3,6.5
2024-12-24,19:16:00.335023,79.2,6.5
2024-12-24,19:18:00.335021,79.3,6.5
2024-12-24,19:20:00.335032,79.4,6.5
2024-12-24,19:22:00.335141,79.7,6.5
2024-12-24,19:24:00.335037,79.7,6.5
2024-12-24,19:26:00.335026,79.8,6.5
2024-12-24,19:28:00.335030,79.7,6.5
2024-12-24,19:30:00.335025,79.7,6.6
2024-12-24,19:32:00.335021,79.4,6.6
2024-12-24,19:34:00.335032,79.7,6.6
2024-12-24,19:36:00.335041,79.6,6.6
2024-12-24,19:38:00.335050,79.7,6.6
2024-12-24,19:40:00.335017,79.4,6.6
2024-12-24,19:42:00.335041,79.4,6.7
2024-12-24,19:44:00.279318,79.2,6.7
2024-12-24,19:46:00.253577,79.1,6.8
2024-12-24,19:48:00.253570,79.0,6.8
2024-12-24,19:50:00.253551,78.9,6.8
2024-12-24,19:52:00.253626,79.1,6.7
2024-12-24,19:54:00.253547,79.1,6.8
2024-12-24,19:56:00.253558,79.1,6.7
2024-12-24,19:58:00.253560,79.2,6.7
2024-12-24,20:00:00.253562,79.2,6.8
2024-12-24,20:02:00.253549,79.1,6.8
2024-12-24,20:04:00.253584,79.2,6.8
2024-12-24,20:06:00.253586,79.1,6.8
2024-12-24,20:08:00.253546,79.1,6.8
2024-12-24,20:10:00.253558,79.2,6.8
2024-12-24,20:12:00.253572,79.1,6.8
2024-12-24,20:14:00.253539,79.3,6.8
2024-12-24,20:16:00.253539,79.2,6.8
2024-12-24,20:18:00.253482,79.2,6.8
2024-12-24,20:20:00.253524,79.0,6.8
2024-12-24,20:22:00.253838,79.1,6.8
2024-12-24,20:24:00.335056,79.1,6.8
2024-12-24,20:26:00.335034,79.3,6.8
2024-12-24,20:28:00.335151,79.3,6.8
2024-12-24,20:30:00.335020,79.4,6.9
2024-12-24,20:32:00.335046,79.3,6.9
2024-12-24,20:34:00.335236,79.2,6.8
2024-12-24,20:36:00.335021,79.4,6.8
2024-12-24,20:38:00.335016,79.5,6.8
2024-12-24,20:40:00.335040,79.8,6.8
2024-12-24,20:42:00.335038,79.9,6.8
2024-12-24,20:44:00.335022,80.0,6.8
2024-12-24,20:46:00.335029,80.2,6.9
2024-12-24,20:48:00.335017,80.1,7.0
2024-12-24,20:50:00.335029,79.7,7.0
2024-12-24,20:52:00.335033,79.8,7.0
2024-12-24,20:54:00.335223,80.1,6.9
2024-12-24,20:56:00.335214,80.5,6.8
2024-12-24,20:58:00.335030,80.6,6.8
2024-12-24,21:00:00.335041,80.9,6.9
2024-12-24,21:02:00.335032,80.9,6.9
2024-12-24,21:04:00.335033,80.8,6.9
2024-12-24,21:06:00.335030,80.8,6.9
2024-12-24,21:08:00.335025,80.9,6.9
2024-12-24,21:10:00.335030,81.0,6.9
2024-12-24,21:12:00.335024,80.8,6.9
2024-12-24,21:14:00.334783,80.8,6.9
2024-12-24,21:16:00.253567,80.9,6.9
2024-12-24,21:18:00.335019,80.8,6.9
2024-12-24,21:20:00.335025,80.9,6.9
2024-12-24,21:22:00.335183,81.0,6.9
2024-12-24,21:24:00.335237,80.8,6.9
2024-12-24,21:26:00.335036,81.2,6.8
2024-12-24,21:28:00.335025,81.1,6.8
2024-12-24,21:30:00.335230,81.2,6.8
2024-12-24,21:32:00.335034,81.2,6.8
2024-12-24,21:34:00.335225,80.9,6.8
2024-12-24,21:36:00.335028,81.0,6.8
2024-12-24,21:38:00.253490,81.0,6.9
2024-12-24,21:40:00.253546,80.9,6.8
2024-12-24,21:42:00.253513,81.0,6.8
2024-12-24,21:44:00.253516,81.2,6.8
2024-12-24,21:46:00.253524,81.1,6.8
2024-12-24,21:48:00.253525,81.2,6.8
2024-12-24,21:50:00.253502,81.1,6.8
2024-12-24,21:52:00.253557,81.0,6.9
2024-12-24,21:54:00.253534,80.9,6.8
2024-12-24,21:56:00.253529,80.9,6.9
2024-12-24,21:58:00.253543,80.9,6.9
2024-12-24,22:00:00.253552,80.8,6.8
2024-12-24,22:02:00.253596,81.1,6.8
2024-12-24,22:04:00.253512,81.4,6.8
2024-12-24,22:06:00.253766,81.2,6.8
2024-12-24,22:08:00.335016,81.0,6.9
2024-12-24,22:10:00.335028,81.0,6.9
2024-12-24,22:12:00.335217,81.0,6.9
2024-12-24,22:14:00.335036,81.1,6.9
2024-12-24,22:16:00.335220,81.0,6.9
2024-12-24,22:18:00.335157,80.9,6.9
2024-12-24,22:20:00.253580,81.0,6.8
2024-12-24,22:22:00.253474,81.0,6.9
2024-12-24,22:24:00.253470,81.0,6.9
2024-12-24,22:26:00.253560,80.9,6.9
2024-12-24,22:28:00.253561,80.8,7.0
2024-12-24,22:30:00.253565,80.6,7.0
2024-12-24,22:32:00.253544,80.5,7.0
2024-12-24,22:34:00.253486,80.5,7.0
2024-12-24,22:36:00.253539,80.6,7.0
2024-12-24,22:38:00.253535,80.6,7.0
2024-12-24,22:40:00.253520,80.5,7.0
2024-12-24,22:42:00.253558,80.4,7.0
2024-12-24,22:44:00.253548,80.3,7.0
2024-12-24,22:46:00.253586,80.3,7.0
2024-12-24,22:48:00.253548,80.3,7.1
2024-12-24,22:50:00.253507,80.2,7.1
2024-12-24,22:52:00.253559,80.1,7.1
2024-12-24,22:54:00.253916,80.1,7.1
2024-12-24,22:56:00.335026,79.9,7.1
2024-12-24,22:58:00.335210,79.8,7.1
2024-12-24,23:00:00.335030,79.9,7.1
2024-12-24,23:02:00.335027,80.0,7.1
2024-12-24,23:04:00.253479,80.1,7.1
2024-12-24,23:06:00.253480,80.0,7.1
2024-12-24,23:08:00.253518,80.1,7.1
2024-12-24,23:10:00.253467,79.7,7.2
2024-12-24,23:12:00.253851,79.8,7.2
2024-12-24,23:14:00.335217,79.7,7.2
2024-12-24,23:16:00.335034,79.8,7.2
2024-12-24,23:18:00.335025,79.7,7.2
2024-12-24,23:20:00.335027,79.7,7.2
2024-12-24,23:22:00.335213,79.7,7.1
2024-12-24,23:24:00.335026,79.9,7.1
2024-12-24,23:26:00.335036,80.0,7.1
2024-12-24,23:28:00.335035,80.1,7.1
2024-12-24,23:30:00.335023,80.0,7.1
2024-12-24,23:32:00.335040,80.0,7.1
2024-12-24,23:34:00.253564,80.1,7.1
2024-12-24,23:36:00.253592,80.1,7.1
2024-12-24,23:38:00.253530,80.3,7.0
2024-12-24,23:40:00.253522,80.5,7.1
2024-12-24,23:42:00.253549,80.4,7.1
2024-12-24,23:44:00.253542,80.4,7.1
2024-12-24,23:46:00.253526,80.3,7.1
2024-12-24,23:48:00.253472,80.5,7.1
2024-12-24,23:50:00.253553,80.6,7.1
2024-12-24,23:52:00.253589,80.8,7.1
2024-12-24,23:54:00.253496,80.9,7.1
2024-12-24,23:56:00.253524,81.0,7.1
2024-12-24,23:58:00.253484,81.3,7.0
2024-12-25,00:00:00.253578,81.4,7.0
2024-12-25,00:02:00.253571,81.4,7.1
2024-12-25,00:04:00.253566,81.5,7.1
2024-12-25,00:06:00.253569,81.4,7.1
2024-12-25,00:08:00.253499,81.5,7.1
2024-12-25,00:10:00.253511,81.5,7.1
2024-12-25,00:12:00.253548,81.6,7.1
2024-12-25,00:14:00.253527,81.4,7.1
2024-12-25,00:16:00.253529,81.5,7.1
2024-12-25,00:18:00.253517,81.4,7.0
2024-12-25,00:20:00.253538,81.7,7.0
2024-12-25,00:22:00.253541,81.8,7.0
2024-12-25,00:24:00.253577,81.8,7.0
2024-12-25,00:26:00.253543,81.8,7.0
2024-12-25,00:28:00.253539,81.7,6.9
2024-12-25,00:30:00.253505,82.0,6.9
2024-12-25,00:32:00.253766,82.1,6.9
2024-12-25,00:34:00.253533,81.9,7.0
2024-12-25,00:36:00.253529,81.9,7.0
2024-12-25,00:38:00.253532,81.7,7.1
2024-12-25,00:40:00.253520,81.5,7.1
2024-12-25,00:42:00.253555,81.4,7.1
2024-12-25,00:44:00.253537,81.4,7.1
2024-12-25,00:46:00.253530,81.4,7.0
2024-12-25,00:48:00.253562,81.8,7.0
2024-12-25,00:50:00.253559,81.6,7.0
2024-12-25,00:52:00.253525,81.7,7.0
2024-12-25,00:54:00.253504,81.7,7.0
2024-12-25,00:56:00.253003,81.8,7.0
2024-12-25,00:58:00.253549,81.8,7.0
2024-12-25,01:00:00.253547,81.9,7.0
2024-12-25,01:02:00.253507,81.8,7.0
2024-12-25,01:04:00.253536,81.9,7.0
2024-12-25,01:06:00.253522,82.1,7.0
2024-12-25,01:08:00.253560,81.8,7.1
2024-12-25,01:10:00.253545,81.9,7.0
2024-12-25,01:12:00.253553,82.0,7.1
2024-12-25,01:14:00.253541,82.1,7.0
2024-12-25,01:16:00.253553,82.3,7.0
2024-12-25,01:18:00.253471,82.3,7.0
2024-12-25,01:20:00.253552,82.5,7.1
2024-12-25,01:22:00.253552,82.7,7.0
2024-12-25,01:24:00.253518,83.0,7.0
2024-12-25,01:26:00.253536,83.0,7.0
2024-12-25,01:28:00.253533,83.0,7.0
2024-12-25,01:30:00.253521,83.0,7.0
2024-12-25,01:32:00.253569,83.3,7.0
2024-12-25,01:34:00.253542,83.6,7.0
2024-12-25,01:36:00.253560,83.6,7.0
2024-12-25,01:38:00.253526,83.8,7.0
2024-12-25,01:40:00.253553,83.7,7.0
2024-12-25,01:42:00.253545,83.9,7.0
2024-12-25,01:44:00.253511,83.9,7.0
2024-12-25,01:46:00.253563,84.0,7.0
2024-12-25,01:48:00.253583,84.0,7.0
2024-12-25,01:50:00.253476,84.0,7.0
2024-12-25,01:52:00.253552,84.2,6.9
2024-12-25,01:54:00.253517,84.2,6.9
2024-12-25,01:56:00.253518,84.4,6.9
2024-12-25,01:58:00.253543,84.4,6.9
2024-12-25,02:00:00.253576,84.3,7.0
2024-12-25,02:02:00.253552,84.2,7.0
2024-12-25,02:04:00.253556,84.2,7.0
2024-12-25,02:06:00.253553,84.1,7.0
2024-12-25,02:08:00.253543,84.2,7.0
2024-12-25,02:10:00.253525,84.5,6.9
2024-12-25,02:12:00.253544,84.7,6.9
2024-12-25,02:14:00.253579,84.9,6.9
2024-12-25,02:16:00.253549,84.8,7.0
2024-12-25,02:18:00.253523,84.7,6.9
2024-12-25,02:20:00.253620,84.7,7.0
2024-12-25,02:22:00.253526,84.7,7.0
2024-12-25,02:24:00.253527,84.7,7.0
2024-12-25,02:26:00.253556,84.7,7.0
2024-12-25,02:28:00.253561,84.6,7.0
2024-12-25,02:30:00.253567,84.5,7.0
2024-12-25,02:32:00.253568,84.4,7.1
2024-12-25,02:34:00.253550,84.4,7.0
2024-12-25,02:36:00.253572,84.7,7.1
2024-12-25,02:38:00.253520,84.5,7.1
2024-12-25,02:40:00.253548,84.1,7.1
2024-12-25,02:42:00.253580,84.2,7.1
2024-12-25,02:44:00.253555,84.4,7.1
2024-12-25,02:46:00.253543,84.2,7.1
2024-12-25,02:48:00.253566,84.4,7.0
2024-12-25,02:50:00.253490,84.5,7.1
2024-12-25,02:52:00.253546,84.2,7.2
2024-12-25,02:54:00.253526,84.0,7.2
2024-12-25,02:56:00.253582,84.0,7.1
2024-12-25,02:58:00.253622,84.1,7.2
2024-12-25,03:00:00.253565,84.0,7.2
2024-12-25,03:02:00.253506,84.0,7.1
2024-12-25,03:04:00.253523,84.2,7.1
2024-12-25,03:06:00.253557,84.2,7.2
2024-12-25,03:08:00.253572,84.1,7.2
2024-12-25,03:10:00.253598,84.0,7.2
2024-12-25,03:12:00.253560,84.1,7.1
2024-12-25,03:14:00.253579,84.2,7.1
2024-12-25,03:16:00.253486,84.4,7.1
2024-12-25,03:18:00.253531,84.5,7.1
2024-12-25,03:20:00.253473,84.4,7.1
2024-12-25,03:22:00.253548,84.5,7.1
2024-12-25,03:24:00.253544,84.6,7.1
2024-12-25,03:26:00.253498,84.6,7.1
2024-12-25,03:28:00.253556,84.7,7.1
2024-12-25,03:30:00.253532,84.6,7.2
2024-12-25,03:32:00.253561,84.5,7.2
2024-12-25,03:34:00.253556,84.3,7.2
2024-12-25,03:36:00.253571,84.5,7.2
2024-12-25,03:38:00.253530,84.3,7.2
2024-12-25,03:40:00.253530,84.3,7.2
2024-12-25,03:42:00.253572,84.3,7.2
2024-12-25,03:44:00.253533,84.2,7.2
2024-12-25,03:46:00.253518,84.3,7.1
2024-12-25,03:48:00.253470,84.7,7.1
2024-12-25,03:50:00.253532,84.7,7.1
2024-12-25,03:52:00.335023,84.7,7.2
2024-12-25,03:54:00.335030,84.6,7.1
2024-12-25,03:56:00.335147,84.7,7.2
2024-12-25,03:58:00.253645,84.8,7.2
2024-12-25,04:00:00.253615,84.6,7.2
2024-12-25,04:02:00.253519,84.6,7.2
2024-12-25,04:04:00.253546,84.5,7.3
2024-12-25,04:06:00.253525,84.4,7.3
2024-12-25,04:08:00.253525,84.5,7.3
2024-12-25,04:10:00.253521,84.5,7.2
2024-12-25,04:12:00.253510,84.6,7.2
2024-12-25,04:14:00.253544,84.5,7.3
2024-12-25,04:16:00.253585,84.3,7.3
2024-12-25,04:18:00.253520,84.4,7.3
2024-12-25,04:20:00.253614,84.4,7.3
2024-12-25,04:22:00.253499,84.4,7.3
2024-12-25,04:24:00.253542,84.2,7.3
2024-12-25,04:26:00.253498,84.4,7.2
2024-12-25,04:28:00.253530,84.9,7.1
2024-12-25,04:30:00.253538,84.9,7.2
2024-12-25,04:32:00.253522,84.9,7.1
2024-12-25,04:34:00.253516,85.2,7.1
2024-12-25,04:36:00.253546,85.2,7.1
2024-12-25,04:38:00.253504,85.2,7.2
2024-12-25,04:40:00.253475,85.3,7.2
2024-12-25,04:42:00.257271,85.1,7.2
2024-12-25,04:44:00.253577,85.2,7.1
2024-12-25,04:46:00.253613,85.2,7.1
2024-12-25,04:48:00.253581,85.4,7.2
2024-12-25,04:50:00.253574,85.2,7.2
2024-12-25,04:52:00.253352,85.1,7.2
2024-12-25,04:54:00.253528,85.2,7.3
2024-12-25,04:56:00.253536,84.8,7.3
2024-12-25,04:58:00.253574,84.9,7.3
2024-12-25,05:00:00.253536,85.1,7.2
2024-12-25,05:02:00.253539,85.0,7.2
2024-12-25,05:04:00.253534,85.2,7.2
2024-12-25,05:06:00.253526,85.3,7.2
2024-12-25,05:08:00.253486,85.4,7.2
2024-12-25,05:10:00.253521,85.3,7.3
2024-12-25,05:12:00.253531,85.2,7.2
2024-12-25,05:14:00.253538,85.3,7.2
2024-12-25,05:16:00.253490,85.4,7.3
2024-12-25,05:18:00.253473,85.2,7.3
2024-12-25,05:20:00.253542,85.0,7.3
2024-12-25,05:22:00.253524,85.1,7.3
2024-12-25,05:24:00.253549,85.1,7.3
2024-12-25,05:26:00.253551,85.1,7.3
2024-12-25,05:28:00.253533,85.1,7.3
2024-12-25,05:30:00.253594,85.2,7.3
2024-12-25,05:32:00.253554,85.2,7.3
2024-12-25,05:34:00.253530,85.2,7.3
2024-12-25,05:36:00.253525,85.1,7.3
2024-12-25,05:38:00.253550,85.0,7.4
2024-12-25,05:40:00.253547,85.0,7.4
2024-12-25,05:42:00.253550,85.2,7.4
2024-12-25,05:44:00.253540,85.1,7.4
2024-12-25,05:46:00.253577,85.0,7.5
2024-12-25,05:48:00.253544,84.8,7.5
2024-12-25,05:50:00.253518,84.7,7.5
2024-12-25,05:52:00.253540,84.9,7.5
2024-12-25,05:54:00.253541,84.6,7.6
2024-12-25,05:56:00.253535,84.4,7.6
2024-12-25,05:58:00.253559,84.4,7.6
2024-12-25,06:00:00.253516,84.5,7.6
2024-12-25,06:02:00.253485,84.7,7.6
2024-12-25,06:04:00.253488,84.7,7.5
2024-12-25,06:06:00.253547,84.7,7.6
2024-12-25,06:08:00.253557,84.8,7.6
2024-12-25,06:10:00.253535,84.7,7.6
2024-12-25,06:12:00.253533,84.8,7.6
2024-12-25,06:14:00.253491,84.7,7.6
2024-12-25,06:16:00.253528,84.6,7.6
2024-12-25,06:18:00.253587,84.7,7.6
2024-12-25,06:20:00.253560,84.7,7.6
2024-12-25,06:22:00.253567,84.8,7.6
2024-12-25,06:24:00.253525,84.6,7.7
2024-12-25,06:26:00.253517,84.6,7.7
2024-12-25,06:28:00.253584,84.5,7.7
2024-12-25,06:30:00.253566,84.5,7.7
2024-12-25,06:32:00.253527,84.6,7.6
2024-12-25,06:34:00.253577,84.7,7.6
2024-12-25,06:36:00.253540,84.8,7.6
2024-12-25,06:38:00.253538,84.8,7.6
2024-12-25,06:40:00.253639,84.9,7.7
2024-12-25,06:42:00.253536,84.7,7.7
2024-12-25,06:44:00.253521,84.6,7.7
2024-12-25,06:46:00.253509,84.9,7.7
2024-12-25,06:48:00.253551,84.6,7.7
2024-12-25,06:50:00.253547,84.7,7.6
2024-12-25,06:52:00.253522,84.9,7.6
2024-12-25,06:54:00.253524,85.1,7.6
2024-12-25,06:56:00.253548,85.1,7.6
2024-12-25,06:58:00.253543,85.1,7.7
2024-12-25,07:00:00.253546,85.0,7.7
2024-12-25,07:02:00.253580,85.1,7.7
2024-12-25,07:04:00.253529,85.1,7.7
2024-12-25,07:06:00.253549,84.9,7.7
2024-12-25,07:08:00.253523,85.0,7.7
2024-12-25,07:10:00.253496,85.0,7.7
2024-12-25,07:12:00.253548,85.2,7.7
2024-12-25,07:14:00.253553,85.0,7.7
2024-12-25,07:16:00.253515,85.3,7.7
2024-12-25,07:18:00.253547,85.2,7.6
2024-12-25,07:20:00.253546,85.3,7.6
2024-12-25,07:22:00.253517,85.3,7.6
2024-12-25,07:24:00.253529,85.6,7.6
2024-12-25,07:26:00.253525,85.5,7.6
2024-12-25,07:28:00.253524,85.4,7.7
2024-12-25,07:30:00.253543,85.4,7.6
2024-12-25,07:32:00.253561,85.5,7.6
2024-12-25,07:34:00.253554,85.5,7.7
2024-12-25,07:36:00.253535,85.4,7.7
2024-12-25,07:38:00.253556,85.3,7.7
2024-12-25,07:40:00.253600,85.6,7.6
2024-12-25,07:42:00.253495,85.5,7.6
2024-12-25,07:44:00.253546,85.6,7.7
2024-12-25,07:46:00.253568,85.5,7.7
2024-12-25,07:48:00.253526,85.4,7.7
2024-12-25,07:50:00.253569,85.4,7.7
2024-12-25,07:52:00.253536,85.4,7.8
2024-12-25,07:54:00.253542,85.3,7.8
2024-12-25,07:56:00.253558,85.4,7.8
2024-12-25,07:58:00.253528,85.3,7.7
2024-12-25,08:00:00.253517,85.4,7.7
2024-12-25,08:02:00.253558,85.3,7.8
2024-12-25,08:04:00.253530,85.3,7.7
2024-12-25,08:06:00.253511,85.4,7.8
2024-12-25,08:08:00.253515,85.4,7.8
2024-12-25,08:10:00.253716,85.4,7.7
2024-12-25,08:12:00.335050,85.4,7.8
2024-12-25,08:14:00.334754,85.5,7.7
2024-12-25,08:16:00.253550,85.6,7.7
2024-12-25,08:18:00.253624,85.6,7.7
2024-12-25,08:20:00.253631,85.9,7.7
2024-12-25,08:22:00.253629,85.8,7.7
2024-12-25,08:24:00.335042,85.9,7.8
2024-12-25,08:26:00.335045,85.6,7.8
2024-12-25,08:28:00.335031,85.5,7.8
2024-12-25,08:30:00.335222,85.5,7.8
2024-12-25,08:32:00.335164,85.6,7.7
2024-12-25,08:34:00.335148,86.1,7.7
2024-12-25,08:36:00.335043,86.1,7.8
2024-12-25,08:38:00.253522,86.1,7.8
2024-12-25,08:40:00.253531,86.0,7.8
2024-12-25,08:42:00.253556,86.1,7.8
2024-12-25,08:44:00.253561,86.1,7.8
2024-12-25,08:46:00.253557,85.8,7.9
2024-12-25,08:48:00.253490,85.8,7.9
2024-12-25,08:50:00.253613,85.8,7.9
2024-12-25,08:52:00.253603,85.6,8.0
2024-12-25,08:54:00.253548,85.4,8.0
2024-12-25,08:56:00.253608,85.6,8.0
2024-12-25,08:58:00.253570,85.6,8.0
2024-12-25,09:00:00.253579,85.4,8.0
2024-12-25,09:02:00.253585,85.4,8.0
2024-12-25,09:04:00.253603,85.5,8.0
2024-12-25,09:06:00.253587,85.5,8.0
2024-12-25,09:08:00.253585,85.5,8.0
2024-12-25,09:10:00.253594,85.5,8.0
2024-12-25,09:12:00.253533,85.6,7.9
2024-12-25,09:14:00.253547,85.7,7.9
2024-12-25,09:16:00.253519,85.7,8.0
2024-12-25,09:18:00.253560,85.7,7.9
2024-12-25,09:20:00.253560,85.8,8.0
2024-12-25,09:22:00.253584,85.7,8.0
2024-12-25,09:24:00.253597,85.9,8.0
2024-12-25,09:26:00.253544,85.8,8.0
2024-12-25,09:28:00.253537,85.8,8.0
2024-12-25,09:30:00.253543,85.8,8.0
2024-12-25,09:32:00.253560,85.9,8.0
2024-12-25,09:34:00.253535,85.9,8.0
2024-12-25,09:36:00.253539,85.7,8.0
2024-12-25,09:38:00.253515,85.6,8.0
2024-12-25,09:40:00.253471,85.7,8.0
2024-12-25,09:42:00.253546,85.7,8.0
2024-12-25,09:44:00.253880,86.0,8.0
2024-12-25,09:46:00.253614,86.0,8.0
2024-12-25,09:48:00.253580,86.1,8.0
2024-12-25,09:50:00.253532,86.2,8.0
2024-12-25,09:52:00.253546,86.4,8.0
2024-12-25,09:54:00.253546,86.1,8.0
2024-12-25,09:56:00.253540,86.2,8.0
2024-12-25,09:58:00.253540,86.2,8.0
2024-12-25,10:00:00.253567,86.2,8.0
2024-12-25,10:02:00.253541,86.1,8.0
2024-12-25,10:04:00.253553,86.1,8.1
2024-12-25,10:06:00.253566,86.1,8.1
2024-12-25,10:08:00.253534,86.1,8.1
2024-12-25,10:10:00.253886,86.1,8.1
2024-12-25,10:12:00.335039,86.0,8.1
2024-12-25,10:14:00.335028,86.3,8.1
2024-12-25,10:16:00.335018,86.4,8.0
2024-12-25,10:18:00.335132,86.5,8.0
2024-12-25,10:20:00.335024,86.6,8.1
2024-12-25,10:22:00.334771,86.6,8.1
2024-12-25,10:24:00.253578,86.3,8.2
2024-12-25,10:26:00.253609,86.2,8.2
2024-12-25,10:28:00.335026,86.3,8.2
2024-12-25,10:30:00.335016,86.5,8.1
2024-12-25,10:32:00.335018,86.5,8.1
2024-12-25,10:34:00.335033,86.7,8.2
2024-12-25,10:36:00.335207,86.4,8.1
2024-12-25,10:38:00.335018,86.8,8.1
2024-12-25,10:40:00.335215,86.7,8.1
2024-12-25,10:42:00.335023,87.0,8.1
2024-12-25,10:44:00.335020,86.9,8.2
2024-12-25,10:46:00.335027,86.7,8.2
2024-12-25,10:48:00.335030,86.5,8.2
2024-12-25,10:50:00.335045,86.5,8.3
2024-12-25,10:52:00.335153,86.5,8.3
2024-12-25,10:54:00.335230,86.5,8.3
2024-12-25,10:56:00.335034,86.3,8.4
2024-12-25,10:58:00.335029,86.1,8.4
2024-12-25,11:00:00.335210,86.0,8.4
2024-12-25,11:02:00.335036,86.2,8.5
2024-12-25,11:04:00.335228,86.2,8.5
2024-12-25,11:06:00.335220,86.2,8.5
2024-12-25,11:08:00.335020,86.3,8.5
2024-12-25,11:10:00.335137,86.2,8.5
2024-12-25,11:12:00.335039,86.3,8.5
2024-12-25,11:14:00.335220,86.3,8.5
2024-12-25,11:16:00.335030,86.1,8.6
2024-12-25,11:18:00.335014,86.1,8.5
2024-12-25,11:20:00.335209,86.3,8.6
2024-12-25,11:22:00.335016,86.2,8.6
2024-12-25,11:24:00.335012,86.3,8.6
2024-12-25,11:26:00.335139,86.4,8.5
2024-12-25,11:28:00.335034,86.4,8.6
2024-12-25,11:30:00.335049,86.2,8.6
2024-12-25,11:32:00.334720,86.1,8.7
2024-12-25,11:34:00.253813,86.0,8.7
2024-12-25,11:36:00.335054,86.0,8.7
2024-12-25,11:38:00.335039,85.9,8.7
2024-12-25,11:40:00.335039,85.7,8.7
2024-12-25,11:42:00.335044,86.1,8.7
2024-12-25,11:44:00.335042,86.0,8.8
2024-12-25,11:46:00.335035,85.9,8.8
2024-12-25,11:48:00.335047,85.8,8.8
2024-12-25,11:50:00.335027,85.9,8.8
2024-12-25,11:52:00.335223,85.9,8.8
2024-12-25,11:54:00.335026,85.9,8.8
2024-12-25,11:56:00.335031,85.9,8.9
2024-12-25,11:58:00.335020,86.0,8.9
2024-12-25,12:00:00.335029,85.8,8.9
2024-12-25,12:02:00.335214,85.7,8.9
2024-12-25,12:04:00.335030,85.5,8.9
2024-12-25,12:06:00.335045,86.2,8.8
2024-12-25,12:08:00.335030,86.4,8.7
2024-12-25,12:10:00.335166,87.0,8.7
2024-12-25,12:12:00.335038,87.2,8.8
2024-12-25,12:14:00.335035,87.3,8.7
2024-12-25,12:16:00.335033,87.4,8.8
2024-12-25,12:18:00.335215,87.0,8.8
2024-12-25,12:20:00.335037,86.9,8.9
2024-12-25,12:22:00.335036,86.7,8.9
2024-12-25,12:24:00.335026,86.7,8.9
2024-12-25,12:26:00.335035,86.8,8.9
2024-12-25,12:28:00.335048,86.7,9.0
2024-12-25,12:30:00.335030,86.4,9.0
2024-12-25,12:32:00.335222,86.3,9.0
2024-12-25,12:34:00.335024,86.1,9.1
2024-12-25,12:36:00.335044,86.1,9.1
2024-12-25,12:38:00.335025,86.1,9.1
2024-12-25,12:40:00.335151,85.7,9.1
2024-12-25,12:42:00.335023,85.7,9.2
2024-12-25,12:44:00.335146,85.4,9.2
2024-12-25,12:46:00.335019,85.5,9.2
2024-12-25,12:48:00.335037,85.5,9.2
2024-12-25,12:50:00.335021,85.6,9.2
2024-12-25,12:52:00.335039,85.7,9.2
2024-12-25,12:54:00.335050,85.6,9.2
2024-12-25,12:56:00.335213,85.7,9.3
2024-12-25,12:58:00.335039,85.4,9.3
2024-12-25,13:00:00.335038,85.5,9.2
2024-12-25,13:02:00.335047,85.4,9.2
2024-12-25,13:04:00.335235,85.5,9.2
2024-12-25,13:06:00.335211,85.8,9.2
2024-12-25,13:08:00.335063,85.8,9.2
2024-12-25,13:10:00.335029,85.6,9.2
2024-12-25,13:12:00.335033,85.7,9.2
2024-12-25,13:14:00.335031,85.5,9.3
2024-12-25,13:16:00.335020,85.5,9.3
2024-12-25,13:18:00.335200,85.6,9.3
2024-12-25,13:20:00.335042,85.8,9.3
2024-12-25,13:22:00.335222,85.7,9.3
2024-12-25,13:24:00.335212,85.8,9.3
2024-12-25,13:26:00.335017,86.0,9.3
2024-12-25,13:28:00.253597,85.9,9.3
2024-12-25,13:30:00.253498,85.7,9.4
2024-12-25,13:32:00.253553,85.6,9.4
2024-12-25,13:34:00.253560,85.7,9.3
2024-12-25,13:36:00.253574,85.9,9.3
2024-12-25,13:38:00.253515,86.1,9.3
2024-12-25,13:40:00.253538,86.2,9.2
2024-12-25,13:42:00.253493,86.2,9.3
2024-12-25,13:44:00.253508,86.3,9.3
2024-12-25,13:46:00.253533,86.3,9.3
2024-12-25,13:48:00.253544,86.1,9.3
2024-12-25,13:50:00.253511,86.0,9.4
2024-12-25,13:52:00.253543,86.0,9.4
2024-12-25,13:54:00.253511,86.1,9.4
2024-12-25,13:56:00.253573,86.0,9.4
2024-12-25,13:58:00.253860,86.1,9.4
2024-12-25,14:00:00.335046,86.0,9.4
2024-12-25,14:02:00.335140,86.0,9.5
2024-12-25,14:04:00.335037,86.0,9.5
2024-12-25,14:06:00.335030,85.9,9.4
2024-12-25,14:08:00.253539,86.1,9.4
2024-12-25,14:10:00.253588,86.4,9.4
2024-12-25,14:12:00.253576,86.3,9.4
2024-12-25,14:14:00.253497,86.3,9.4
2024-12-25,14:16:00.253497,86.3,9.4
2024-12-25,14:18:00.253513,86.6,9.4
2024-12-25,14:20:00.253540,86.6,9.4
2024-12-25,14:22:00.253536,86.6,9.3
2024-12-25,14:24:00.253541,87.0,9.3
2024-12-25,14:26:00.253520,87.1,9.4
2024-12-25,14:28:00.253510,86.9,9.5
2024-12-25,14:30:00.253486,86.6,9.5
2024-12-25,14:32:00.253542,86.4,9.6
2024-12-25,14:34:00.253531,86.1,9.6
2024-12-25,14:36:00.253508,86.5,9.4
2024-12-25,14:38:00.253516,86.8,9.4
2024-12-25,14:40:00.253513,86.9,9.4
2024-12-25,14:42:00.253593,87.2,9.3
2024-12-25,14:44:00.253565,87.9,9.1
2024-12-25,14:46:00.253534,88.4,9.0
2024-12-25,14:48:00.253536,88.9,9.0
2024-12-25,14:50:00.253520,89.0,9.0
2024-12-25,14:52:00.253571,89.4,9.0
2024-12-25,14:54:00.253592,89.3,8.9
2024-12-25,14:56:00.253522,89.7,8.8
2024-12-25,14:58:00.253487,89.9,8.8
2024-12-25,15:00:00.253534,90.2,8.7
2024-12-25,15:02:00.253567,90.5,8.8
2024-12-25,15:04:00.253599,90.4,8.8
2024-12-25,15:06:00.253567,90.0,8.9
2024-12-25,15:08:00.253493,89.8,8.9
2024-12-25,15:10:00.253539,89.5,9.0
2024-12-25,15:12:00.253539,89.2,9.0
2024-12-25,15:14:00.253548,89.1,9.0
2024-12-25,15:16:00.253535,89.1,9.1
2024-12-25,15:18:00.253526,88.6,9.2
2024-12-25,15:20:00.253544,88.5,9.2
2024-12-25,15:22:00.253526,88.2,9.3
2024-12-25,15:24:00.253545,87.9,9.3
2024-12-25,15:26:00.253544,87.6,9.4
2024-12-25,15:28:00.253558,87.5,9.5
2024-12-25,15:30:00.253540,87.1,9.5
2024-12-25,15:32:00.253511,86.8,9.5
2024-12-25,15:34:00.253539,87.1,9.4
2024-12-25,15:36:00.253490,87.1,9.5
2024-12-25,15:38:00.253567,86.9,9.5
2024-12-25,15:40:00.253563,86.8,9.5
2024-12-25,15:42:00.253542,86.8,9.5
2024-12-25,15:44:00.253553,86.7,9.6
2024-12-25,15:46:00.253512,86.5,9.6
2024-12-25,15:48:00.253539,86.4,9.6
2024-12-25,15:50:00.253527,86.3,9.6
2024-12-25,15:52:00.253503,86.5,9.6
2024-12-25,15:54:00.253536,86.3,9.7
2024-12-25,15:56:00.253567,86.1,9.7
2024-12-25,15:58:00.253537,85.9,9.7
2024-12-25,16:00:00.335030,86.1,9.7
2024-12-25,16:02:00.335025,86.1,9.7
2024-12-25,16:04:00.253565,86.1,9.6
2024-12-25,16:06:00.253533,86.2,9.7
2024-12-25,16:08:00.253541,85.9,9.7
2024-12-25,16:10:00.253576,85.9,9.7
2024-12-25,16:12:00.253530,85.9,9.7
2024-12-25,16:14:00.253542,85.8,9.7
2024-12-25,16:16:00.253538,85.6,9.8
2024-12-25,16:18:00.253527,85.5,9.8
2024-12-25,16:20:00.253535,85.3,9.8
2024-12-25,16:22:00.253536,85.2,9.8
2024-12-25,16:24:00.253544,85.2,9.8
2024-12-25,16:26:00.253523,85.4,9.7
2024-12-25,16:28:00.253534,85.5,9.8
2024-12-25,16:30:00.253539,85.5,9.8
2024-12-25,16:32:00.253541,85.5,9.8
2024-12-25,16:34:00.335025,85.5,9.8
2024-12-25,16:36:00.335045,85.3,9.8
2024-12-25,16:38:00.335208,85.2,9.8
2024-12-25,16:40:00.335017,85.4,9.8
2024-12-25,16:42:00.335025,85.1,9.7
2024-12-25,16:44:00.335040,85.5,9.7
2024-12-25,16:46:00.335020,85.8,9.6
2024-12-25,16:48:00.335017,85.9,9.7
2024-12-25,16:50:00.335207,85.9,9.7
2024-12-25,16:52:00.335026,85.8,9.6
2024-12-25,16:54:00.335216,86.0,9.6
2024-12-25,16:56:00.335027,86.1,9.6
2024-12-25,16:58:00.335130,85.8,9.7
2024-12-25,17:00:00.335206,85.5,9.7
2024-12-25,17:02:00.335212,85.3,9.7
2024-12-25,17:04:00.335025,85.5,9.7
2024-12-25,17:06:00.335221,85.6,9.7
2024-12-25,17:08:00.335017,85.5,9.7
2024-12-25,17:10:00.335015,85.6,9.7
2024-12-25,17:12:00.335044,85.8,9.7
2024-12-25,17:14:00.335028,85.9,9.7
2024-12-25,17:16:00.335209,86.1,9.7
2024-12-25,17:18:00.335146,85.7,9.8
2024-12-25,17:20:00.335156,85.6,9.8
2024-12-25,17:22:00.335015,85.6,9.8
2024-12-25,17:24:00.335032,85.6,9.8
2024-12-25,17:26:00.253529,85.6,9.8
2024-12-25,17:28:00.335031,85.6,9.8
2024-12-25,17:30:00.335035,85.5,9.8
2024-12-25,17:32:00.335018,85.4,9.8
2024-12-25,17:34:00.335035,85.2,9.8
2024-12-25,17:36:00.335029,85.2,9.8
2024-12-25,17:38:00.335208,85.0,9.9
2024-12-25,17:40:00.335019,85.0,9.9
2024-12-25,17:42:00.335220,85.0,9.8
2024-12-25,17:44:00.335015,85.4,9.8
2024-12-25,17:46:00.335031,85.5,9.8
2024-12-25,17:48:00.335021,85.4,9.8
2024-12-25,17:50:00.335202,85.4,9.8
2024-12-25,17:52:00.335039,85.5,9.8
2024-12-25,17:54:00.335016,85.4,9.8
2024-12-25,17:56:00.335032,85.5,9.8
2024-12-25,17:58:00.335025,85.3,9.8
2024-12-25,18:00:00.335040,85.3,9.8
2024-12-25,18:02:00.335217,85.3,9.8
2024-12-25,18:04:00.253536,85.3,9.8
2024-12-25,18:06:00.253562,85.4,9.8
2024-12-25,18:08:00.253582,85.3,9.8
2024-12-25,18:10:00.253565,85.3,9.8
2024-12-25,18:12:00.253547,85.4,9.8
2024-12-25,18:14:00.253544,85.5,9.8
2024-12-25,18:16:00.253512,85.6,9.8
2024-12-25,18:18:00.253540,85.6,9.8
2024-12-25,18:20:00.253548,85.6,9.9
2024-12-25,18:22:00.253533,85.3,9.9
2024-12-25,18:24:00.253567,85.3,9.9
2024-12-25,18:26:00.301324,85.3,9.8
2024-12-25,18:28:00.253593,85.3,9.8
2024-12-25,18:30:00.253618,85.5,9.8
2024-12-25,18:32:00.253462,85.8,9.7
2024-12-25,18:34:00.253603,85.8,9.7
2024-12-25,18:36:00.253542,86.0,9.7
2024-12-25,18:38:00.253577,86.0,9.7
2024-12-25,18:40:00.253591,86.1,9.7
2024-12-25,18:42:00.253541,86.0,9.8
2024-12-25,18:44:00.253482,85.8,9.7
2024-12-25,18:46:00.253540,85.8,9.8
2024-12-25,18:48:00.253526,85.7,9.8
2024-12-25,18:50:00.253550,85.7,9.8
2024-12-25,18:52:00.253549,85.6,9.9
2024-12-25,18:54:00.253531,85.7,9.8
2024-12-25,18:56:00.253568,85.8,9.8
2024-12-25,18:58:00.253487,85.7,9.8
2024-12-25,19:00:00.253474,85.7,9.8
2024-12-25,19:02:00.253537,85.8,9.8
2024-12-25,19:04:00.253527,85.8,9.9
2024-12-25,19:06:00.253561,85.6,9.8
2024-12-25,19:08:00.253613,85.7,9.9
2024-12-25,19:10:00.253518,85.7,9.9
2024-12-25,19:12:00.253531,85.9,9.9
2024-12-25,19:14:00.253528,85.9,9.9
2024-12-25,19:16:00.253532,85.7,9.9
2024-12-25,19:18:00.253521,85.8,9.9
2024-12-25,19:20:00.253503,85.7,10.0
2024-12-25,19:22:00.253577,85.5,9.9
2024-12-25,19:24:00.253544,85.7,9.9
2024-12-25,19:26:00.253550,85.8,9.9
2024-12-25,19:28:00.253544,85.8,10.0
2024-12-25,19:30:00.253517,85.8,10.0
2024-12-25,19:32:00.253525,85.6,9.9
2024-12-25,19:34:00.253507,85.9,9.9
2024-12-25,19:36:00.253463,85.9,9.9
2024-12-25,19:38:00.253531,85.8,10.0
2024-12-25,19:40:00.253571,85.6,9.9
2024-12-25,19:42:00.253561,86.0,9.8
2024-12-25,19:44:00.253543,86.2,9.8
2024-12-25,19:46:00.253541,86.4,9.7
2024-12-25,19:48:00.253552,86.3,9.7
2024-12-25,19:50:00.253514,86.4,9.7
2024-12-25,19:52:00.253533,86.6,9.5
2024-12-25,19:54:00.253551,87.0,9.5
2024-12-25,19:56:00.253529,87.3,9.4
2024-12-25,19:58:00.253546,87.3,9.4
2024-12-25,20:00:00.253524,87.3,9.4
2024-12-25,20:02:00.253545,87.2,9.4
2024-12-25,20:04:00.253553,87.2,9.4
2024-12-25,20:06:00.253540,87.2,9.4
2024-12-25,20:08:00.253534,87.3,9.4
2024-12-25,20:10:00.253540,87.0,9.5
2024-12-25,20:12:00.253549,86.9,9.5
2024-12-25,20:14:00.335015,87.0,9.4
2024-12-25,20:16:00.335036,87.1,9.4
2024-12-25,20:18:00.335214,87.3,9.2
2024-12-25,20:20:00.335039,87.9,9.1
2024-12-25,20:22:00.335030,88.6,9.0
2024-12-25,20:24:00.335216,89.0,9.0
2024-12-25,20:26:00.335023,89.0,9.1
2024-12-25,20:28:00.335019,88.7,9.2
2024-12-25,20:30:00.335031,88.5,9.2
2024-12-25,20:32:00.335024,88.2,9.1
2024-12-25,20:34:00.335029,88.7,9.1
2024-12-25,20:36:00.335237,89.0,9.1
2024-12-25,20:38:00.335220,88.9,9.0
2024-12-25,20:40:00.335015,88.8,9.1
2024-12-25,20:42:00.253506,88.6,9.1
2024-12-25,20:44:00.253520,88.8,9.2
2024-12-25,20:46:00.253536,88.6,9.2
2024-12-25,20:48:00.253548,88.2,9.1
2024-12-25,20:50:00.253536,88.4,9.1
2024-12-25,20:52:00.253482,88.4,9.1
2024-12-25,20:54:00.253536,88.6,9.1
2024-12-25,20:56:00.253531,88.6,9.1
2024-12-25,20:58:00.253550,88.2,9.1
2024-12-25,21:00:00.253522,88.4,9.1
2024-12-25,21:02:00.253497,88.1,9.2
2024-12-25,21:04:00.253533,88.0,9.2
2024-12-25,21:06:00.253515,87.5,9.2
2024-12-25,21:08:00.253561,87.7,9.3
2024-12-25,21:10:00.253529,87.6,9.3
2024-12-25,21:12:00.253520,87.5,9.3
2024-12-25,21:14:00.253509,87.1,9.3
2024-12-25,21:16:00.253532,87.1,9.4
2024-12-25,21:18:00.253551,86.8,9.3
2024-12-25,21:20:00.253548,87.1,9.2
2024-12-25,21:22:00.253559,87.4,9.2
2024-12-25,21:24:00.253565,87.1,9.2
2024-12-25,21:26:00.253557,87.6,9.1
2024-12-25,21:28:00.253574,87.9,9.1
2024-12-25,21:30:00.253583,88.1,9.0
2024-12-25,21:32:00.253550,88.6,9.0
2024-12-25,21:34:00.253530,88.6,9.0
2024-12-25,21:36:00.253560,88.5,9.1
2024-12-25,21:38:00.253573,88.2,9.1
2024-12-25,21:40:00.253545,88.0,9.2
2024-12-25,21:42:00.253549,87.9,9.1
2024-12-25,21:44:00.253542,87.9,9.1
2024-12-25,21:46:00.253525,87.8,9.2
2024-12-25,21:48:00.253539,87.6,9.2
2024-12-25,21:50:00.253533,87.5,9.2
2024-12-25,21:52:00.253556,87.3,9.3
2024-12-25,21:54:00.253586,87.2,9.3
2024-12-25,21:56:00.253595,87.1,9.3
2024-12-25,21:58:00.253551,87.1,9.3
2024-12-25,22:00:00.253524,87.0,9.4
2024-12-25,22:02:00.253582,86.7,9.3
2024-12-25,22:04:00.253593,86.8,9.4
2024-12-25,22:06:00.253528,86.6,9.4
2024-12-25,22:08:00.253552,86.5,9.4
2024-12-25,22:10:00.253491,86.5,9.4
2024-12-25,22:12:00.253564,86.8,9.4
2024-12-25,22:14:00.253599,86.7,9.4
2024-12-25,22:16:00.253556,86.9,9.3
2024-12-25,22:18:00.253552,87.1,9.3
2024-12-25,22:20:00.253549,86.9,9.4
2024-12-25,22:22:00.253549,86.8,9.4
2024-12-25,22:24:00.253544,86.6,9.4
2024-12-25,22:26:00.253556,86.5,9.5
2024-12-25,22:28:00.253515,86.4,9.5
2024-12-25,22:30:00.253592,86.1,9.5
2024-12-25,22:32:00.253459,86.0,9.6
2024-12-25,22:34:00.253529,86.0,9.6
2024-12-25,22:36:00.253489,85.9,9.6
2024-12-25,22:38:00.253575,86.0,9.5
2024-12-25,22:40:00.253553,86.0,9.5
2024-12-25,22:42:00.253558,86.6,9.3
2024-12-25,22:44:00.253544,86.7,9.3
2024-12-25,22:46:00.253510,87.0,9.3
2024-12-25,22:48:00.253513,87.0,9.4
2024-12-25,22:50:00.253515,86.8,9.4
2024-12-25,22:52:00.253532,86.6,9.5
2024-12-25,22:54:00.253508,86.4,9.5
2024-12-25,22:56:00.253551,86.3,9.5
2024-12-25,22:58:00.253518,86.3,9.5
2024-12-25,23:00:00.253528,86.2,9.5
2024-12-25,23:02:00.253535,86.3,9.6
2024-12-25,23:04:00.253546,86.2,9.5
2024-12-25,23:06:00.253541,86.2,9.5
2024-12-25,23:08:00.253534,86.3,9.5
2024-12-25,23:10:00.253535,86.3,9.5
2024-12-25,23:12:00.253501,86.2,9.5
2024-12-25,23:14:00.253508,86.3,9.5
2024-12-25,23:16:00.253470,86.5,9.4
2024-12-25,23:18:00.253533,86.7,9.4
2024-12-25,23:20:00.253510,86.4,9.5
2024-12-25,23:22:00.253564,86.4,9.4
2024-12-25,23:24:00.253516,86.5,9.3
2024-12-25,23:26:00.253563,86.8,9.1
2024-12-25,23:28:00.253477,87.4,9.0
2024-12-25,23:30:00.253539,87.9,8.9
2024-12-25,23:32:00.253539,88.4,8.9
2024-12-25,23:34:00.253517,88.5,8.9
2024-12-25,23:36:00.253499,88.8,8.9
2024-12-25,23:38:00.253538,88.7,8.9
2024-12-25,23:40:00.253540,88.7,8.9
2024-12-25,23:42:00.253553,89.0,8.9
2024-12-25,23:44:00.253546,88.6,8.9
2024-12-25,23:46:00.253500,88.7,8.9
2024-12-25,23:48:00.253518,88.5,9.0
2024-12-25,23:50:00.335026,88.6,8.9
2024-12-25,23:52:00.335032,88.6,9.0
2024-12-25,23:54:00.335021,88.6,8.9
2024-12-25,23:56:00.335036,88.9,9.0
2024-12-25,23:58:00.335225,88.6,9.0
2024-12-26,00:00:00.335040,88.3,9.1
2024-12-26,00:02:00.335039,87.9,9.1
2024-12-26,00:04:00.335030,88.0,9.1
2024-12-26,00:06:00.335044,88.1,9.1
2024-12-26,00:08:00.335026,87.9,9.1
2024-12-26,00:10:00.335042,87.9,9.1
2024-12-26,00:12:00.335023,87.9,9.1
2024-12-26,00:14:00.335017,87.6,9.1
2024-12-26,00:16:00.335024,87.8,9.1
2024-12-26,00:18:00.335223,87.5,9.2
2024-12-26,00:20:00.335163,87.5,9.2
2024-12-26,00:22:00.253531,87.2,9.2
2024-12-26,00:24:00.253519,87.1,9.2
2024-12-26,00:26:00.253471,87.2,9.2
2024-12-26,00:28:00.253533,87.1,9.2
2024-12-26,00:30:00.253525,87.1,9.2
2024-12-26,00:32:00.253463,87.2,9.1
2024-12-26,00:34:00.253560,87.5,9.1
2024-12-26,00:36:00.253573,87.3,9.1
2024-12-26,00:38:00.253553,87.3,9.2
2024-12-26,00:40:00.253548,87.1,9.2
2024-12-26,00:42:00.253580,87.0,9.2
2024-12-26,00:44:00.253508,87.1,9.2
2024-12-26,00:46:00.253572,86.9,9.2
2024-12-26,00:48:00.253533,86.8,9.2
2024-12-26,00:50:00.253553,86.7,9.1
2024-12-26,00:52:00.253563,86.8,9.1
2024-12-26,00:54:00.253579,86.6,9.1
2024-12-26,00:56:00.253611,86.9,9.1
2024-12-26,00:58:00.253604,86.8,9.2
2024-12-26,01:00:00.253525,86.7,9.2
2024-12-26,01:02:00.253491,86.6,9.2
2024-12-26,01:04:00.253523,86.3,9.3
2024-12-26,01:06:00.253579,86.1,9.3
2024-12-26,01:08:00.253562,86.3,9.3
2024-12-26,01:10:00.253523,86.1,9.2
2024-12-26,01:12:00.253506,86.6,9.2
2024-12-26,01:14:00.253538,86.6,9.2
2024-12-26,01:16:00.253519,86.5,9.2
2024-12-26,01:18:00.253571,86.5,9.2
2024-12-26,01:20:00.253546,86.5,9.2
2024-12-26,01:22:00.253518,86.3,9.3
2024-12-26,01:24:00.253550,86.3,9.3
2024-12-26,01:26:00.253501,86.0,9.3
2024-12-26,01:28:00.253475,86.1,9.1
2024-12-26,01:30:00.253542,87.0,9.0
2024-12-26,01:32:00.253506,87.3,9.0
2024-12-26,01:34:00.253511,87.5,9.0
2024-12-26,01:36:00.253551,87.3,9.1
2024-12-26,01:38:00.253516,87.2,9.1
2024-12-26,01:40:00.253485,87.2,9.0
2024-12-26,01:42:00.253495,87.4,9.0
2024-12-26,01:44:00.253522,87.7,9.0
2024-12-26,01:46:00.253559,87.6,9.1
2024-12-26,01:48:00.253548,87.2,9.1
2024-12-26,01:50:00.253523,87.3,9.1
2024-12-26,01:52:00.253579,87.3,9.1
2024-12-26,01:54:00.253503,87.4,9.1
2024-12-26,01:56:00.253524,87.6,9.1
2024-12-26,01:58:00.253534,87.3,9.2
2024-12-26,02:00:00.253511,87.0,9.3
2024-12-26,02:02:00.253482,86.7,9.3
2024-12-26,02:04:00.253534,86.6,9.2
2024-12-26,02:06:00.253548,86.8,9.2
2024-12-26,02:08:00.253549,86.7,9.2
2024-12-26,02:10:00.253562,86.3,9.2
2024-12-26,02:12:00.253615,86.7,9.2
2024-12-26,02:14:00.253549,86.6,9.2
2024-12-26,02:16:00.253544,86.7,9.2
2024-12-26,02:18:00.253584,86.7,9.3
2024-12-26,02:20:00.253572,86.5,9.3
2024-12-26,02:22:00.253561,86.5,9.3
2024-12-26,02:24:00.253595,86.4,9.3
2024-12-26,02:26:00.253568,86.2,9.3
2024-12-26,02:28:00.253519,86.2,9.4
2024-12-26,02:30:00.253551,86.1,9.4
2024-12-26,02:32:00.253555,86.1,9.4
2024-12-26,02:34:00.253543,86.1,9.4
2024-12-26,02:36:00.253540,86.0,9.4
2024-12-26,02:38:00.253524,86.1,9.4
2024-12-26,02:40:00.253524,86.2,9.4
2024-12-26,02:42:00.253546,86.1,9.4
2024-12-26,02:44:00.253573,86.1,9.4
2024-12-26,02:46:00.253509,85.8,9.5
2024-12-26,02:48:00.253514,85.5,9.5
2024-12-26,02:50:00.253851,85.5,9.5
2024-12-26,02:52:00.335025,85.5,9.5
2024-12-26,02:54:00.335028,85.6,9.5
2024-12-26,02:56:00.335038,85.4,9.5
2024-12-26,02:58:00.335026,85.5,9.5
2024-12-26,03:00:00.335033,85.3,9.5
2024-12-26,03:02:00.253553,85.3,9.5
2024-12-26,03:04:00.253527,85.2,9.5
2024-12-26,03:06:00.253607,85.2,9.5
2024-12-26,03:08:00.335035,85.0,9.5
2024-12-26,03:10:00.335041,85.0,9.5
2024-12-26,03:12:00.335041,85.1,9.5
2024-12-26,03:14:00.335034,84.9,9.5
2024-12-26,03:16:00.335027,85.1,9.5
2024-12-26,03:18:00.335036,85.1,9.4
2024-12-26,03:20:00.335044,85.4,9.4
2024-12-26,03:22:00.335220,85.0,9.4
2024-12-26,03:24:00.335026,85.1,9.2
2024-12-26,03:26:00.335221,85.6,9.1
2024-12-26,03:28:00.335025,86.3,9.0
2024-12-26,03:30:00.335226,86.5,9.0
2024-12-26,03:32:00.335027,86.4,9.1
2024-12-26,03:34:00.335222,86.3,9.1
2024-12-26,03:36:00.335034,86.3,9.1
2024-12-26,03:38:00.335019,86.1,9.1
2024-12-26,03:40:00.335040,86.1,9.1
2024-12-26,03:42:00.335038,86.2,9.1
2024-12-26,03:44:00.334686,86.2,9.1
2024-12-26,03:46:00.253596,86.4,9.1
2024-12-26,03:48:00.253558,86.4,9.1
2024-12-26,03:50:00.253612,86.0,9.2
2024-12-26,03:52:00.253621,86.0,9.1
2024-12-26,03:54:00.253620,86.1,9.1
2024-12-26,03:56:00.253616,86.2,9.0
2024-12-26,03:58:00.253570,86.0,9.1
2024-12-26,04:00:00.253634,85.9,9.1
2024-12-26,04:02:00.253630,85.9,9.1
2024-12-26,04:04:00.253523,85.8,9.2
2024-12-26,04:06:00.253547,85.8,9.2
2024-12-26,04:08:00.253548,85.8,9.1
2024-12-26,04:10:00.253557,85.7,9.1
2024-12-26,04:12:00.253546,86.0,9.0
2024-12-26,04:14:00.253553,86.4,9.0
2024-12-26,04:16:00.253565,86.4,9.0
2024-12-26,04:18:00.253542,86.2,9.1
2024-12-26,04:20:00.253547,86.1,9.1
2024-12-26,04:22:00.253534,86.1,9.1
2024-12-26,04:24:00.253548,85.9,9.2
2024-12-26,04:26:00.253522,85.7,9.2
2024-12-26,04:28:00.253541,85.6,9.2
2024-12-26,04:30:00.253568,85.6,9.2
2024-12-26,04:32:00.253539,85.4,9.3
2024-12-26,04:34:00.253532,85.3,9.3
2024-12-26,04:36:00.253551,84.9,9.2
2024-12-26,04:38:00.253500,85.2,9.2
2024-12-26,04:40:00.253546,85.2,9.2
2024-12-26,04:42:00.253515,85.4,9.2
2024-12-26,04:44:00.253519,85.4,9.2
2024-12-26,04:46:00.253530,85.3,9.2
2024-12-26,04:48:00.253545,85.5,9.2
2024-12-26,04:50:00.253582,85.4,9.3
2024-12-26,04:52:00.253535,85.1,9.3
2024-12-26,04:54:00.253546,85.3,9.1
2024-12-26,04:56:00.253525,85.6,9.1
2024-12-26,04:58:00.253529,85.5,9.1
2024-12-26,05:00:00.312793,86.2,8.9
2024-12-26,05:02:00.253532,86.5,8.9
2024-12-26,05:04:00.253542,86.7,8.8
2024-12-26,05:06:00.253533,87.0,8.9
2024-12-26,05:08:00.253493,87.1,8.9
2024-12-26,05:10:00.253590,86.7,9.0
2024-12-26,05:12:00.253510,86.5,9.0
2024-12-26,05:14:00.253844,86.5,9.1
2024-12-26,05:16:00.335230,86.4,9.1
2024-12-26,05:18:00.335043,86.2,9.1
2024-12-26,05:20:00.335041,85.6,9.1
2024-12-26,05:22:00.335137,86.0,8.9
2024-12-26,05:24:00.335027,86.9,8.7
2024-12-26,05:26:00.335021,87.5,8.6
2024-12-26,05:28:00.335223,87.8,8.6
2024-12-26,05:30:00.335019,87.9,8.6
2024-12-26,05:32:00.335027,88.1,8.6
2024-12-26,05:34:00.335027,88.1,8.6
2024-12-26,05:36:00.335018,88.4,8.6
2024-12-26,05:38:00.335019,88.4,8.6
2024-12-26,05:40:00.335026,88.1,8.7
2024-12-26,05:42:00.335026,87.9,8.8
2024-12-26,05:44:00.335030,87.5,8.8
2024-12-26,05:46:00.335033,87.4,8.7
2024-12-26,05:48:00.335037,87.9,8.7
2024-12-26,05:50:00.335244,88.1,8.7
2024-12-26,05:52:00.335035,88.0,8.8
2024-12-26,05:54:00.335025,87.8,8.9
2024-12-26,05:56:00.335022,87.4,8.9
2024-12-26,05:58:00.335025,87.1,9.0
2024-12-26,06:00:00.335026,86.8,9.0
2024-12-26,06:02:00.335028,86.2,9.1
2024-12-26,06:04:00.335019,85.7,9.1
2024-12-26,06:06:00.335027,85.8,9.1
2024-12-26,06:08:00.335024,85.7,9.1
2024-12-26,06:10:00.253560,85.6,9.1
2024-12-26,06:12:00.253547,85.3,9.1
2024-12-26,06:14:00.253537,85.5,9.0
2024-12-26,06:16:00.253574,85.8,8.9
2024-12-26,06:18:00.253484,86.4,8.9
2024-12-26,06:20:00.253575,86.3,8.9
2024-12-26,06:22:00.253521,86.4,8.9
2024-12-26,06:24:00.253591,86.3,8.9
2024-12-26,06:26:00.253559,86.4,8.9
2024-12-26,06:28:00.253563,86.4,8.9
2024-12-26,06:30:00.253517,86.4,9.0
2024-12-26,06:32:00.253502,86.0,9.0
2024-12-26,06:34:00.253517,85.7,9.0
2024-12-26,06:36:00.253560,86.0,9.0
2024-12-26,06:38:00.253499,86.0,9.0
2024-12-26,06:40:00.253547,85.7,9.0
2024-12-26,06:42:00.253523,85.8,9.0
2024-12-26,06:44:00.253559,85.7,9.0
2024-12-26,06:46:00.253537,85.7,9.0
2024-12-26,06:48:00.253532,85.8,9.1
2024-12-26,06:50:00.253608,85.6,9.1
2024-12-26,06:52:00.253523,85.6,9.1
2024-12-26,06:54:00.253544,85.3,9.1
2024-12-26,06:56:00.257303,85.6,9.1
2024-12-26,06:58:00.253599,85.5,9.1
2024-12-26,07:00:00.257310,85.5,9.0
2024-12-26,07:02:00.253606,85.7,9.0
2024-12-26,07:04:00.335059,85.6,9.0
2024-12-26,07:06:00.335160,85.6,9.0
2024-12-26,07:08:00.335214,85.1,9.1
2024-12-26,07:10:00.335207,85.1,9.1
2024-12-26,07:12:00.335227,85.0,9.1
2024-12-26,07:14:00.335024,85.3,9.1
2024-12-26,07:16:00.253524,85.4,9.1
2024-12-26,07:18:00.253557,85.4,9.1
2024-12-26,07:20:00.253508,85.4,9.1
2024-12-26,07:22:00.253517,85.2,9.1
2024-12-26,07:24:00.253534,85.2,9.1
2024-12-26,07:26:00.253543,85.3,9.1
2024-12-26,07:28:00.253592,85.2,9.2
2024-12-26,07:30:00.253522,85.0,9.1
2024-12-26,07:32:00.253553,85.2,9.1
2024-12-26,07:34:00.253529,85.2,9.1
2024-12-26,07:36:00.253480,85.4,9.1
2024-12-26,07:38:00.253542,85.4,9.1
2024-12-26,07:40:00.253545,85.4,9.0
2024-12-26,07:42:00.253519,85.5,9.1
2024-12-26,07:44:00.253576,85.4,9.1
2024-12-26,07:46:00.253566,85.3,9.1
2024-12-26,07:48:00.253531,85.4,9.1
2024-12-26,07:50:00.253552,85.1,9.1
2024-12-26,07:52:00.335032,85.2,9.1
2024-12-26,07:54:00.335224,85.2,9.1
2024-12-26,07:56:00.335027,85.3,9.1
2024-12-26,07:58:00.335015,85.2,9.1
2024-12-26,08:00:00.335039,85.1,9.1
2024-12-26,08:02:00.335025,85.2,9.1
2024-12-26,08:04:00.335026,85.2,9.1
2024-12-26,08:06:00.335210,85.2,9.2
2024-12-26,08:08:00.335024,85.1,9.1
2024-12-26,08:10:00.335033,85.3,9.1
2024-12-26,08:12:00.335028,85.1,9.1
2024-12-26,08:14:00.334701,85.1,9.2
2024-12-26,08:16:00.253563,84.9,9.1
2024-12-26,08:18:00.253477,85.2,9.1
2024-12-26,08:20:00.253554,85.3,9.1
2024-12-26,08:22:00.257264,85.2,9.1
2024-12-26,08:24:00.335020,85.2,9.1
2024-12-26,08:26:00.335023,85.1,9.1
2024-12-26,08:28:00.335024,85.1,9.1
2024-12-26,08:30:00.335023,85.1,9.1
2024-12-26,08:32:00.335027,84.9,9.1
2024-12-26,08:34:00.335217,84.9,9.1
2024-12-26,08:36:00.335020,84.8,9.2
2024-12-26,08:38:00.335021,84.6,9.2
2024-12-26,08:40:00.335207,84.6,9.2
2024-12-26,08:42:00.335022,84.5,9.2
2024-12-26,08:44:00.335207,84.3,9.2
2024-12-26,08:46:00.335028,84.3,9.2
2024-12-26,08:48:00.335036,84.2,9.2
2024-12-26,08:50:00.335031,84.3,9.2
2024-12-26,08:52:00.335039,84.5,9.2
2024-12-26,08:54:00.335034,84.5,9.1
2024-12-26,08:56:00.335017,84.6,9.2
2024-12-26,08:58:00.335020,84.6,9.1
2024-12-26,09:00:00.335217,84.7,9.1
2024-12-26,09:02:00.335034,84.9,9.1
2024-12-26,09:04:00.335027,84.9,9.1
2024-12-26,09:06:00.335230,84.9,9.1
2024-12-26,09:08:00.335219,85.1,9.0
2024-12-26,09:10:00.335041,85.0,9.1
2024-12-26,09:12:00.335027,84.9,9.1
2024-12-26,09:14:00.335231,84.9,9.1
2024-12-26,09:16:00.335035,84.9,9.1
2024-12-26,09:18:00.335040,85.0,9.1
2024-12-26,09:20:00.335038,84.8,9.1
2024-12-26,09:22:00.335034,84.0,9.2
2024-12-26,09:24:00.335034,83.9,9.2
2024-12-26,09:26:00.335217,83.8,9.0
2024-12-26,09:28:00.335020,84.0,9.1
2024-12-26,09:30:00.335019,84.1,9.1
2024-12-26,09:32:00.335212,84.1,9.1
2024-12-26,09:34:00.335208,84.2,9.1
2024-12-26,09:36:00.335019,84.4,9.1
2024-12-26,09:38:00.255307,84.4,9.1
2024-12-26,09:40:00.253561,84.1,9.1
2024-12-26,09:42:00.253543,84.3,9.0
2024-12-26,09:44:00.253522,84.5,9.0
2024-12-26,09:46:00.253561,84.7,9.1
2024-12-26,09:48:00.253550,84.7,9.0
2024-12-26,09:50:00.253568,84.7,9.1
2024-12-26,09:52:00.253546,84.7,9.1
2024-12-26,09:54:00.253569,84.8,9.1
2024-12-26,09:56:00.253519,85.0,9.1
2024-12-26,09:58:00.253531,85.0,9.0
2024-12-26,10:00:00.253546,85.1,9.0
2024-12-26,10:02:00.253547,85.1,9.1
2024-12-26,10:04:00.253521,85.2,9.1
2024-12-26,10:06:00.253527,85.0,9.1
2024-12-26,10:08:00.279365,84.9,9.1
2024-12-26,10:10:00.253569,84.6,9.2
2024-12-26,10:12:00.335042,84.5,9.2
2024-12-26,10:14:00.335168,84.5,9.2
2024-12-26,10:16:00.335211,84.4,9.2
2024-12-26,10:18:00.335017,84.5,9.2
2024-12-26,10:20:00.335212,84.5,9.2
2024-12-26,10:22:00.335019,84.5,9.2
2024-12-26,10:24:00.335233,84.6,9.2
2024-12-26,10:26:00.335202,84.4,9.2
2024-12-26,10:28:00.335224,84.5,9.2
2024-12-26,10:30:00.335036,84.6,9.1
2024-12-26,10:32:00.335210,84.6,9.1
2024-12-26,10:34:00.335018,84.6,9.1
2024-12-26,10:36:00.335030,84.3,9.2
2024-12-26,10:38:00.253549,84.3,9.1
2024-12-26,10:40:00.253508,84.4,9.0
2024-12-26,10:42:00.253541,84.7,9.0
2024-12-26,10:44:00.253531,84.7,9.0
2024-12-26,10:46:00.253540,84.8,9.0
2024-12-26,10:48:00.253553,84.7,9.0
2024-12-26,10:50:00.253555,84.7,9.0
2024-12-26,10:52:00.253531,84.9,9.0
2024-12-26,10:54:00.253560,84.9,9.1
2024-12-26,10:56:00.253475,84.7,9.1
2024-12-26,10:58:00.253540,84.9,9.1
2024-12-26,11:00:00.253556,84.8,9.2
2024-12-26,11:02:00.253534,84.8,9.1
2024-12-26,11:04:00.253518,84.8,9.1
2024-12-26,11:06:00.253563,84.5,9.2
2024-12-26,11:08:00.253576,84.3,9.2
2024-12-26,11:10:00.253535,84.2,9.2
2024-12-26,11:12:00.253550,84.2,9.2
2024-12-26,11:14:00.253560,84.3,9.2
2024-12-26,11:16:00.253534,84.1,9.1
2024-12-26,11:18:00.253539,84.3,9.2
2024-12-26,11:20:00.253529,84.4,9.1
2024-12-26,11:22:00.253559,84.3,9.1
2024-12-26,11:24:00.253572,84.4,9.2
2024-12-26,11:26:00.253553,84.3,9.2
2024-12-26,11:28:00.253579,83.9,9.2
2024-12-26,11:30:00.253595,83.8,9.2
2024-12-26,11:32:00.253567,83.9,9.2
2024-12-26,11:34:00.253582,83.7,9.1
2024-12-26,11:36:00.253605,83.8,9.1
2024-12-26,11:38:00.253596,83.8,9.1
2024-12-26,11:40:00.253574,83.7,9.1
2024-12-26,11:42:00.253581,84.0,9.1
2024-12-26,11:44:00.253525,83.6,9.2
2024-12-26,11:46:00.253566,83.4,9.1
2024-12-26,11:48:00.253539,83.7,9.1
2024-12-26,11:50:00.253553,83.8,9.1
2024-12-26,11:52:00.253514,83.8,9.2
2024-12-26,11:54:00.253517,83.5,9.2
2024-12-26,11:56:00.253579,83.3,9.3
2024-12-26,11:58:00.253570,82.9,9.3
2024-12-26,12:00:00.253579,82.9,9.3
2024-12-26,12:02:00.253536,83.2,9.3
2024-12-26,12:04:00.253511,83.3,9.2
2024-12-26,12:06:00.253503,83.4,9.2
2024-12-26,12:08:00.253482,83.6,9.1
2024-12-26,12:10:00.253543,83.8,9.1
2024-12-26,12:12:00.253558,83.8,9.1
2024-12-26,12:14:00.253567,83.8,9.1
2024-12-26,12:16:00.253473,83.9,9.1
2024-12-26,12:18:00.253538,83.9,9.1
2024-12-26,12:20:00.253558,83.8,9.1
2024-12-26,12:22:00.253463,83.5,9.2
2024-12-26,12:24:00.253545,83.2,9.2
2024-12-26,12:26:00.253544,83.1,9.2
2024-12-26,12:28:00.253562,83.0,9.2
2024-12-26,12:30:00.253536,82.9,9.2
2024-12-26,12:32:00.253552,82.5,9.2
2024-12-26,12:34:00.253550,82.7,9.2
2024-12-26,12:36:00.253546,82.8,9.1
2024-12-26,12:38:00.253526,83.0,9.1
2024-12-26,12:40:00.253535,83.0,9.1
2024-12-26,12:42:00.253541,82.7,9.2
2024-12-26,12:44:00.253590,82.5,9.2
2024-12-26,12:46:00.253509,82.5,9.2
2024-12-26,12:48:00.253568,82.6,9.2
2024-12-26,12:50:00.253534,82.8,9.2
2024-12-26,12:52:00.253511,82.9,9.2
2024-12-26,12:54:00.253504,83.0,9.2
2024-12-26,12:56:00.253547,82.7,9.2
2024-12-26,12:58:00.261266,82.5,9.3
2024-12-26,13:00:00.253568,82.5,9.3
2024-12-26,13:02:00.253585,82.6,9.2
2024-12-26,13:04:00.253506,82.8,9.2
2024-12-26,13:06:00.253581,82.9,9.2
2024-12-26,13:08:00.253596,82.8,9.2
2024-12-26,13:10:00.253605,82.9,9.2
2024-12-26,13:12:00.253544,83.2,9.2
2024-12-26,13:14:00.253611,83.1,9.2
2024-12-26,13:16:00.253605,83.3,9.2
2024-12-26,13:18:00.253583,83.2,9.2
2024-12-26,13:20:00.253556,83.2,9.2
2024-12-26,13:22:00.253593,82.8,9.2
2024-12-26,13:24:00.253543,82.6,9.2
2024-12-26,13:26:00.253554,82.8,9.0
2024-12-26,14:14:47.872390,63.7,19.4
2024-12-26,14:16:38.128238,61.7,19.5
2024-12-26,14:18:28.382399,60.5,19.6
2024-12-26,14:20:18.636569,60.0,19.7
2024-12-26,14:22:08.890764,60.4,19.7
2024-12-26,14:24:00.253681,59.7,19.7
2024-12-26,14:26:00.253671,60.1,19.7
2024-12-26,14:28:00.253901,59.6,19.7
2024-12-26,14:30:00.253707,60.7,19.7
2024-12-26,14:32:00.253612,59.2,19.7
2024-12-26,14:34:00.253668,60.1,19.7
2024-12-26,14:36:00.253720,60.5,19.7
2024-12-26,14:38:00.253710,59.8,19.7
2024-12-26,14:40:00.253753,60.4,19.8
2024-12-26,14:42:00.253750,59.3,19.8
2024-12-26,14:44:00.253664,58.2,19.9
2024-12-26,14:46:00.253574,57.2,19.9
